customer_id,recency,frequency,monetary,r_score,f_score,m_score,rfm_score,segment
C00001,8,39,300829.65,4,4,3,443,Loyal
C00002,98,33,302059.2,1,2,3,123,At Risk
C00003,1,40,217947.38,5,4,1,541,Loyal
C00004,5,38,325621.95,5,4,3,543,Loyal
C00005,12,43,510728.08,3,5,5,355,Loyal
C00006,36,35,283127.89,1,3,2,132,Regular
C00007,4,46,265221.01,5,5,2,552,Loyal
C00008,10,32,291779.54,4,2,3,423,New
C00009,8,26,282219.21,4,1,2,412,New
C00010,61,32,186052.68,1,2,1,121,At Risk
C00011,16,37,338523.04000000004,3,4,4,344,Loyal
C00012,15,34,284804.15,3,2,2,322,Regular
C00013,39,36,439348.08,1,3,5,135,Regular
C00014,6,39,385217.41,4,4,4,444,Champions
C00015,24,31,177402.66,2,2,1,221,At Risk
C00016,17,36,428766.45999999996,3,3,5,335,Loyal
C00017,16,33,270551.05,3,2,2,322,Regular
C00018,41,27,317102.94,1,1,3,113,At Risk
C00019,22,34,389965.23,2,2,4,224,At Risk
C00020,1,25,230671.69,5,1,1,511,New
C00021,11,28,279217.27999999997,4,1,2,412,New
C00022,24,35,366236.57,2,3,4,234,Regular
C00023,5,31,380325.18,5,2,4,524,New
C00024,25,31,361250.51,2,2,4,224,At Risk
C00025,34,39,251603.63999999998,2,4,2,242,Regular
C00026,1,29,310169.93,5,1,3,513,New
C00027,30,31,226403.66,2,2,1,221,At Risk
C00028,4,33,324253.2,5,2,3,523,New
C00029,24,43,345634.37,2,5,4,254,Regular
C00030,4,29,315229.81,5,1,3,513,New
C00031,24,24,315749.38,2,1,3,213,At Risk
C00032,33,39,254090.12,2,4,2,242,Regular
C00033,120,23,192780.6,1,1,1,111,At Risk
C00034,15,33,399903.0,3,2,5,325,Regular
C00035,22,38,370188.66,2,4,4,244,Regular
C00036,29,35,456576.07,2,3,5,235,Regular
C00037,7,36,342907.76,4,3,4,434,Loyal
C00038,65,31,305320.82,1,2,3,123,At Risk
C00039,12,30,249217.2,3,1,2,312,Regular
C00040,24,42,328710.1,2,5,3,253,Regular
C00041,2,41,395264.58,5,5,5,555,Champions
C00042,6,31,291237.58,4,2,2,422,New
C00043,7,31,272728.06,4,2,2,422,New
C00044,20,32,182810.03,2,2,1,221,At Risk
C00045,12,37,266092.03,3,4,2,342,Loyal
C00046,33,41,279900.42,2,5,2,252,Regular
C00047,75,32,396309.41,1,2,5,125,At Risk
C00048,36,41,318432.49,1,5,3,153,Regular
C00049,18,39,338413.22,3,4,4,344,Loyal
C00050,9,35,318425.13,4,3,3,433,Loyal
C00051,22,32,243020.47,2,2,1,221,At Risk
C00052,44,39,296299.96,1,4,3,143,Regular
C00053,36,41,290984.74,1,5,2,152,Regular
C00054,5,42,393429.81,5,5,5,555,Champions
C00055,1,31,267585.81,5,2,2,522,New
C00056,9,42,328659.51,4,5,3,453,Loyal
C00057,6,36,340772.56,4,3,4,434,Loyal
C00058,42,37,239449.73,1,4,1,141,Regular
C00059,23,33,421382.13,2,2,5,225,At Risk
C00060,7,29,284039.27,4,1,2,412,New
C00061,6,35,341504.82,4,3,4,434,Loyal
C00062,7,34,345380.5,4,2,4,424,New
C00063,3,30,239466.7,5,1,1,511,New
C00064,23,33,281206.1,2,2,2,222,At Risk
C00065,4,35,436316.74,5,3,5,535,Loyal
C00066,26,30,224292.11000000002,2,1,1,211,At Risk
C00067,7,31,297861.54,4,2,3,423,New
C00068,22,31,382625.14,2,2,4,224,At Risk
C00069,1,34,283693.38,5,2,2,522,New
C00070,32,30,169569.13999999998,2,1,1,211,At Risk
C00071,33,36,338948.09,2,3,4,234,Regular
C00072,90,22,148932.4,1,1,1,111,At Risk
C00073,31,28,222669.2,2,1,1,211,At Risk
C00074,27,38,450801.7,2,4,5,245,Regular
C00075,52,40,289402.97,1,4,2,142,Regular
C00076,48,25,232609.26,1,1,1,111,At Risk
C00077,3,37,285546.36,5,4,2,542,Loyal
C00078,82,29,217403.5,1,1,1,111,At Risk
C00079,13,29,263547.57,3,1,2,312,Regular
C00080,5,30,267191.25,5,1,2,512,New
C00081,9,37,297631.21,4,4,3,443,Loyal
C00082,6,39,466939.5,4,4,5,445,Champions
C00083,1,32,293188.0,5,2,3,523,New
C00084,8,43,474802.52,4,5,5,455,Champions
C00085,19,38,277189.97,3,4,2,342,Loyal
C00086,4,33,330057.71,5,2,3,523,New
C00087,11,41,322938.2,4,5,3,453,Loyal
C00088,42,42,236419.1,1,5,1,151,Regular
C00089,17,45,477103.57,3,5,5,355,Loyal
C00090,31,41,282652.91000000003,2,5,2,252,Regular
C00091,62,32,482629.93,1,2,5,125,At Risk
C00092,20,31,252916.14,2,2,2,222,At Risk
C00093,3,30,246045.98,5,1,2,512,New
C00094,7,39,304657.64,4,4,3,443,Loyal
C00095,17,34,394406.55,3,2,5,325,Regular
C00096,6,39,423626.9,4,4,5,445,Champions
C00097,17,39,350925.63,3,4,4,344,Loyal
C00098,21,38,349170.17,2,4,4,244,Regular
C00099,1,41,344441.29,5,5,4,554,Champions
C00100,15,30,246198.22999999998,3,1,2,312,Regular
C00101,21,36,272090.2,2,3,2,232,Regular
C00102,21,37,398274.6,2,4,5,245,Regular
C00103,9,32,358868.99,4,2,4,424,New
C00104,4,34,364189.95,5,2,4,524,New
C00105,11,42,353016.5,4,5,4,454,Champions
C00106,121,29,214213.54,1,1,1,111,At Risk
C00107,7,29,383539.26,4,1,4,414,New
C00108,5,31,344182.16,5,2,4,524,New
C00109,10,30,220558.75,4,1,1,411,New
C00110,48,31,142784.1,1,2,1,121,At Risk
C00111,8,37,198399.07,4,4,1,441,Loyal
C00112,10,41,344656.22,4,5,4,454,Champions
C00113,31,35,451184.35,2,3,5,235,Regular
C00114,31,40,321930.92,2,4,3,243,Regular
C00115,21,43,405270.73,2,5,5,255,Regular
C00116,83,28,308725.45,1,1,3,113,At Risk
C00117,66,37,218974.85,1,4,1,141,Regular
C00118,34,29,305730.71,2,1,3,213,At Risk
C00119,9,33,379525.53,4,2,4,424,New
C00120,4,32,327409.13,5,2,3,523,New
C00121,17,31,366332.67,3,2,4,324,Regular
C00122,25,36,326454.89999999997,2,3,3,233,Regular
C00123,4,28,316503.62,5,1,3,513,New
C00124,33,40,412603.16,2,4,5,245,Regular
C00125,10,42,384695.24,4,5,4,454,Champions
C00126,27,46,628327.1,2,5,5,255,Regular
C00127,2,27,176282.78,5,1,1,511,New
C00128,1,46,416713.29,5,5,5,555,Champions
C00129,1,42,425338.83999999997,5,5,5,555,Champions
C00130,27,39,303902.49,2,4,3,243,Regular
C00131,34,38,373453.33,2,4,4,244,Regular
C00132,1,34,307638.3,5,2,3,523,New
C00133,49,36,285818.08,1,3,2,132,Regular
C00134,11,35,304328.1,4,3,3,433,Loyal
C00135,10,32,317940.52999999997,4,2,3,423,New
C00136,16,33,255033.58000000002,3,2,2,322,Regular
C00137,2,48,391453.18,5,5,5,555,Champions
C00138,15,38,261864.62,3,4,2,342,Loyal
C00139,22,34,247755.87,2,2,2,222,At Risk
C00140,51,40,408691.62,1,4,5,145,Regular
C00141,20,33,293633.1,2,2,3,223,At Risk
C00142,4,45,248391.94,5,5,2,552,Loyal
C00143,16,34,430314.9,3,2,5,325,Regular
C00144,2,20,169976.14,5,1,1,511,New
C00145,12,29,201002.18,3,1,1,311,Regular
C00146,62,37,234889.18,1,4,1,141,Regular
C00147,1,44,369332.2,5,5,4,554,Champions
C00148,37,36,285562.77,1,3,2,132,Regular
C00149,6,37,373451.33,4,4,4,444,Champions
C00150,11,44,284118.81,4,5,2,452,Loyal
C00151,45,40,345423.98,1,4,4,144,Regular
C00152,9,31,333323.86,4,2,4,424,New
C00153,3,29,287285.97000000003,5,1,2,512,New
C00154,8,38,347781.06,4,4,4,444,Champions
C00155,25,23,170549.16,2,1,1,211,At Risk
C00156,35,38,212099.69,1,4,1,141,Regular
C00157,11,33,243678.34,4,2,1,421,New
C00158,25,31,250448.62,2,2,2,222,At Risk
C00159,16,40,280963.72000000003,3,4,2,342,Loyal
C00160,4,44,408303.55,5,5,5,555,Champions
C00161,35,37,325419.89,1,4,3,143,Regular
C00162,10,40,254218.66,4,4,2,442,Loyal
C00163,5,34,260869.44,5,2,2,522,New
C00164,22,47,514746.93,2,5,5,255,Regular
C00165,6,26,238056.07,4,1,1,411,New
C00166,4,36,278568.19,5,3,2,532,Loyal
C00167,3,42,404984.66,5,5,5,555,Champions
C00168,5,40,305184.96,5,4,3,543,Loyal
C00169,139,23,185633.15,1,1,1,111,At Risk
C00170,14,42,431864.13,3,5,5,355,Loyal
C00171,3,41,393164.86,5,5,5,555,Champions
C00172,42,31,283359.3,1,2,2,122,At Risk
C00173,27,35,243415.33,2,3,1,231,Regular
C00174,7,32,323681.6,4,2,3,423,New
C00175,20,38,334472.99,2,4,4,244,Regular
C00176,12,21,86611.59,3,1,1,311,Regular
C00177,4,29,260328.87,5,1,2,512,New
C00178,38,36,413157.89,1,3,5,135,Regular
C00179,14,32,225115.02,3,2,1,321,Regular
C00180,22,37,555294.71,2,4,5,245,Regular
C00181,9,29,193794.93,4,1,1,411,New
C00182,4,37,294939.63,5,4,3,543,Loyal
C00183,3,43,363312.04000000004,5,5,4,554,Champions
C00184,6,27,321030.7,4,1,3,413,New
C00185,13,40,383635.64,3,4,4,344,Loyal
C00186,7,40,406350.0,4,4,5,445,Champions
C00187,2,33,291648.09,5,2,3,523,New
C00188,39,43,401907.94,1,5,5,155,Regular
C00189,9,38,302265.64,4,4,3,443,Loyal
C00190,36,39,302902.99,1,4,3,143,Regular
C00191,7,38,324277.79000000004,4,4,3,443,Loyal
C00192,30,42,433524.43,2,5,5,255,Regular
C00193,46,31,192125.63999999998,1,2,1,121,At Risk
C00194,11,31,413760.05,4,2,5,425,New
C00195,5,29,248924.5,5,1,2,512,New
C00196,29,36,224366.51,2,3,1,231,Regular
C00197,9,23,125846.47,4,1,1,411,New
C00198,13,34,378386.06,3,3,4,334,Loyal
C00199,32,30,220208.46,2,1,1,211,At Risk
C00200,34,35,261812.91999999998,2,3,2,232,Regular
C00201,97,41,364593.61,1,5,4,154,Regular
C00202,38,44,442320.19,1,5,5,155,Regular
C00203,3,34,195208.05,5,3,1,531,Loyal
C00204,6,41,319972.85,4,5,3,453,Loyal
C00205,18,34,245287.44,3,3,2,332,Loyal
C00206,21,30,335596.92,2,1,4,214,At Risk
C00207,55,35,396358.85,1,3,5,135,Regular
C00208,1,41,436714.45,5,5,5,555,Champions
C00209,59,34,155244.63,1,3,1,131,Regular
C00210,40,44,349810.43,1,5,4,154,Regular
C00211,16,28,279800.17,3,1,2,312,Regular
C00212,2,29,363867.49,5,1,4,514,New
C00213,4,30,242731.58,5,1,1,511,New
C00214,11,30,258159.98,4,1,2,412,New
C00215,34,27,196948.26,2,1,1,211,At Risk
C00216,8,29,364108.04000000004,4,1,4,414,New
C00217,16,29,274176.81,3,1,2,312,Regular
C00218,34,39,348635.21,2,4,4,244,Regular
C00219,17,21,148711.6,3,1,1,311,Regular
C00220,5,37,312908.25,5,4,3,543,Loyal
C00221,26,39,272245.62,2,4,2,242,Regular
C00222,10,30,195817.62,4,1,1,411,New
C00223,15,46,316791.16,3,5,3,353,Loyal
C00224,5,35,368027.48,5,3,4,534,Loyal
C00225,52,26,304484.81,1,1,3,113,At Risk
C00226,12,35,327823.24,3,3,3,333,Loyal
C00227,11,34,255663.02,4,3,2,432,Loyal
C00228,18,39,277204.7,3,4,2,342,Loyal
C00229,4,38,401921.85,5,4,5,545,Champions
C00230,20,26,326863.13,2,1,3,213,At Risk
C00231,16,27,203742.93,3,1,1,311,Regular
C00232,7,34,218209.27,4,3,1,431,Loyal
C00233,4,35,308275.19,5,3,3,533,Loyal
C00234,14,35,287626.05,3,3,2,332,Loyal
C00235,23,39,407143.85,2,4,5,245,Regular
C00236,63,31,289200.66,1,2,2,122,At Risk
C00237,4,36,287152.22000000003,5,3,2,532,Loyal
C00238,36,37,411724.43,1,4,5,145,Regular
C00239,2,36,452558.39,5,3,5,535,Loyal
C00240,5,36,321186.73,5,3,3,533,Loyal
C00241,9,33,299158.02,4,2,3,423,New
C00242,169,34,428367.77,1,3,5,135,Regular
C00243,24,39,329837.01,2,4,3,243,Regular
C00244,2,33,232763.0,5,2,1,521,New
C00245,2,40,281993.76,5,4,2,542,Loyal
C00246,1,36,360850.87,5,3,4,534,Loyal
C00247,14,45,526895.08,3,5,5,355,Loyal
C00248,18,33,312820.52999999997,3,2,3,323,Regular
C00249,17,47,313421.91,3,5,3,353,Loyal
C00250,14,33,226085.02,3,2,1,321,Regular
C00251,68,29,176786.42,1,1,1,111,At Risk
C00252,32,30,181610.74,2,1,1,211,At Risk
C00253,16,40,383127.51,3,4,4,344,Loyal
C00254,12,37,273217.79,3,4,2,342,Loyal
C00255,18,38,382218.41,3,4,4,344,Loyal
C00256,53,28,384427.31,1,1,4,114,At Risk
C00257,7,34,301091.17,4,3,3,433,Loyal
C00258,14,28,267233.04,3,1,2,312,Regular
C00259,3,36,319360.2,5,3,3,533,Loyal
C00260,9,42,573659.19,4,5,5,455,Champions
C00261,22,37,352083.97000000003,2,4,4,244,Regular
C00262,1,38,369149.75,5,4,4,544,Champions
C00263,19,39,291489.87,3,4,2,342,Loyal
C00264,16,38,363703.48,3,4,4,344,Loyal
C00265,35,28,348958.71,1,1,4,114,At Risk
C00266,2,45,483579.57,5,5,5,555,Champions
C00267,10,31,241637.74,4,2,1,421,New
C00268,10,35,272674.44,4,3,2,432,Loyal
C00269,16,35,292190.2,3,3,3,333,Loyal
C00270,42,34,308254.33,1,3,3,133,Regular
C00271,7,37,344764.75,4,4,4,444,Champions
C00272,9,39,332233.86,4,4,3,443,Loyal
C00273,35,36,201021.13,1,3,1,131,Regular
C00274,6,28,303625.95,4,1,3,413,New
C00275,24,28,315595.01,2,1,3,213,At Risk
C00276,17,38,319426.27,3,4,3,343,Loyal
C00277,1,31,345491.22000000003,5,2,4,524,New
C00278,17,29,266571.62,3,1,2,312,Regular
C00279,11,54,400889.97,4,5,5,455,Champions
C00280,2,28,300108.54000000004,5,1,3,513,New
C00281,10,38,412110.58,4,4,5,445,Champions
C00282,22,30,315131.02999999997,2,1,3,213,At Risk
C00283,1,43,445234.09,5,5,5,555,Champions
C00284,6,33,315234.72,4,2,3,423,New
C00285,4,44,452424.58,5,5,5,555,Champions
C00286,6,43,299433.47,4,5,3,453,Loyal
C00287,14,43,398442.71,3,5,5,355,Loyal
C00288,33,38,292912.56,2,4,3,243,Regular
C00289,33,30,293184.14999999997,2,1,3,213,At Risk
C00290,4,31,268888.82,5,2,2,522,New
C00291,18,39,364004.8,3,4,4,344,Loyal
C00292,33,39,341654.01,2,4,4,244,Regular
C00293,6,37,300750.28,4,4,3,443,Loyal
C00294,4,30,249270.03,5,1,2,512,New
C00295,11,43,412504.42,4,5,5,455,Champions
C00296,24,41,255911.63999999998,2,5,2,252,Regular
C00297,29,31,291364.61,2,2,2,222,At Risk
C00298,8,30,373154.89,4,1,4,414,New
C00299,13,31,321716.18,3,2,3,323,Regular
C00300,25,47,376093.77,2,5,4,254,Regular
C00301,19,33,265130.02,3,2,2,322,Regular
C00302,36,45,579317.46,1,5,5,155,Regular
C00303,10,40,239322.69,4,4,1,441,Loyal
C00304,82,24,169011.18,1,1,1,111,At Risk
C00305,48,38,433246.51,1,4,5,145,Regular
C00306,2,33,265967.75,5,2,2,522,New
C00307,22,36,260916.29,2,3,2,232,Regular
C00308,1,27,300910.93,5,1,3,513,New
C00309,32,30,310979.78,2,1,3,213,At Risk
C00310,13,42,387227.09,3,5,4,354,Loyal
C00311,7,24,134449.54,4,1,1,411,New
C00312,17,31,392639.83,3,2,5,325,Regular
C00313,70,35,341960.04,1,3,4,134,Regular
C00314,56,32,337731.16000000003,1,2,4,124,At Risk
C00315,38,30,231585.93,1,1,1,111,At Risk
C00316,9,33,268767.07,4,2,2,422,New
C00317,12,30,370454.63,3,1,4,314,Regular
C00318,4,44,304405.17,5,5,3,553,Loyal
C00319,22,36,517588.82,2,3,5,235,Regular
C00320,41,40,382440.88,1,4,4,144,Regular
C00321,99,37,258169.21,1,4,2,142,Regular
C00322,8,26,342949.55,4,1,4,414,New
C00323,8,36,273455.94,4,3,2,432,Loyal
C00324,17,28,189087.07,3,1,1,311,Regular
C00325,7,25,173267.96,4,1,1,411,New
C00326,4,41,440810.56,5,5,5,555,Champions
C00327,20,41,376516.52,2,5,4,254,Regular
C00328,65,31,351404.58999999997,1,2,4,124,At Risk
C00329,7,41,351366.49,4,5,4,454,Champions
C00330,19,43,530933.74,3,5,5,355,Loyal
C00331,1,32,251917.66999999998,5,2,2,522,New
C00332,4,40,362798.6,5,4,4,544,Champions
C00333,1,36,388604.5,5,3,4,534,Loyal
C00334,20,30,215376.08,2,1,1,211,At Risk
C00335,11,30,294870.95,4,1,3,413,New
C00336,8,33,274365.43,4,2,2,422,New
C00337,49,30,291653.73,1,1,3,113,At Risk
C00338,2,28,191590.46,5,1,1,511,New
C00339,13,42,503598.79000000004,3,5,5,355,Loyal
C00340,43,31,186562.16999999998,1,2,1,121,At Risk
C00341,32,42,396449.47,2,5,5,255,Regular
C00342,19,44,351133.0,3,5,4,354,Loyal
C00343,17,40,509116.72000000003,3,4,5,345,Loyal
C00344,59,34,427276.64,1,3,5,135,Regular
C00345,114,31,338668.33999999997,1,2,4,124,At Risk
C00346,13,29,211276.96,3,1,1,311,Regular
C00347,60,30,341613.69,1,1,4,114,At Risk
C00348,3,28,243379.68,5,1,1,511,New
C00349,8,29,388828.62,4,1,4,414,New
C00350,8,28,249633.85,4,1,2,412,New
C00351,34,47,363692.17,2,5,4,254,Regular
C00352,3,30,251103.62,5,1,2,512,New
C00353,11,38,426435.68,4,4,5,445,Champions
C00354,20,31,427336.8,2,2,5,225,At Risk
C00355,5,29,243307.14,5,1,1,511,New
C00356,2,31,333140.13,5,2,4,524,New
C00357,33,39,217568.24,2,4,1,241,Regular
C00358,8,30,265880.86,4,1,2,412,New
C00359,21,24,134104.86000000002,2,1,1,211,At Risk
C00360,12,28,256271.99,3,1,2,312,Regular
C00361,13,36,269284.27,3,3,2,332,Loyal
C00362,21,37,174144.39,2,4,1,241,Regular
C00363,17,39,425715.08999999997,3,4,5,345,Loyal
C00364,34,33,214367.83000000002,2,2,1,221,At Risk
C00365,5,33,231906.6,5,2,1,521,New
C00366,9,37,263154.15,4,4,2,442,Loyal
C00367,3,41,403386.55,5,5,5,555,Champions
C00368,14,30,168744.03,3,1,1,311,Regular
C00369,2,35,302347.11,5,3,3,533,Loyal
C00370,12,28,224990.34,3,1,1,311,Regular
C00371,10,31,280878.76,4,2,2,422,New
C00372,52,38,301036.33999999997,1,4,3,143,Regular
C00373,31,39,265654.6,2,4,2,242,Regular
C00374,4,39,424719.31,5,4,5,545,Champions
C00375,14,39,390002.09,3,4,5,345,Loyal
C00376,2,26,208501.41,5,1,1,511,New
C00377,11,42,391274.83,4,5,5,455,Champions
C00378,11,50,528837.43,4,5,5,455,Champions
C00379,49,32,199265.06,1,2,1,121,At Risk
C00380,9,30,385135.04,4,1,4,414,New
C00381,14,35,291469.24,3,3,2,332,Loyal
C00382,37,30,261199.93,1,1,2,112,At Risk
C00383,2,37,332914.41000000003,5,4,4,544,Champions
C00384,7,41,397036.93,4,5,5,455,Champions
C00385,17,43,316508.71,3,5,3,353,Loyal
C00386,37,28,314813.23,1,1,3,113,At Risk
C00387,41,38,377719.8,1,4,4,144,Regular
C00388,53,31,393669.37,1,2,5,125,At Risk
C00389,15,31,249427.47,3,2,2,322,Regular
C00390,2,31,325194.34,5,2,3,523,New
C00391,12,42,457820.54,3,5,5,355,Loyal
C00392,2,24,251785.56,5,1,2,512,New
C00393,15,39,305231.09,3,4,3,343,Loyal
C00394,8,34,244005.33,4,3,1,431,Loyal
C00395,65,35,291521.13,1,3,2,132,Regular
C00396,76,32,268831.37,1,2,2,122,At Risk
C00397,12,33,236661.29,3,2,1,321,Regular
C00398,12,35,297204.94,3,3,3,333,Loyal
C00399,4,32,315617.13,5,2,3,523,New
C00400,5,41,298293.51,5,5,3,553,Loyal
C00401,4,39,369577.21,5,4,4,544,Champions
C00402,11,26,226493.91,4,1,1,411,New
C00403,25,36,332443.19,2,3,3,233,Regular
C00404,12,32,291860.82,3,2,3,323,Regular
C00405,4,35,265573.13,5,3,2,532,Loyal
C00406,1,38,403157.0,5,4,5,545,Champions
C00407,16,33,337714.95,3,2,4,324,Regular
C00408,7,36,386392.83,4,3,4,434,Loyal
C00409,27,27,323140.26,2,1,3,213,At Risk
C00410,3,35,384458.05,5,3,4,534,Loyal
C00411,21,35,298320.37,2,3,3,233,Regular
C00412,85,31,275421.12,1,2,2,122,At Risk
C00413,7,35,347892.86,4,3,4,434,Loyal
C00414,20,33,195718.65,2,2,1,221,At Risk
C00415,9,44,366305.12,4,5,4,454,Champions
C00416,6,46,314596.9,4,5,3,453,Loyal
C00417,28,34,289893.23,2,3,2,232,Regular
C00418,38,32,315076.18,1,2,3,123,At Risk
C00419,61,36,309887.59,1,3,3,133,Regular
C00420,4,30,288541.24,5,1,2,512,New
C00421,12,33,247532.91,3,2,2,322,Regular
C00422,9,28,259673.08,4,1,2,412,New
C00423,2,45,453920.77,5,5,5,555,Champions
C00424,5,48,348365.04,5,5,4,554,Champions
C00425,62,27,231542.75,1,1,1,111,At Risk
C00426,7,31,374418.96,4,2,4,424,New
C00427,21,41,264267.27,2,5,2,252,Regular
C00428,10,40,350488.7,4,4,4,444,Champions
C00429,9,25,248193.31,4,1,2,412,New
C00430,17,32,393348.87,3,2,5,325,Regular
C00431,9,30,329341.25,4,1,3,413,New
C00432,29,35,218922.53,2,3,1,231,Regular
C00433,18,45,343006.49,3,5,4,354,Loyal
C00434,22,39,473929.96,2,4,5,245,Regular
C00435,34,41,379342.43,2,5,4,254,Regular
C00436,25,28,340806.28,2,1,4,214,At Risk
C00437,2,41,383034.06,5,5,4,554,Champions
C00438,2,29,348825.55,5,1,4,514,New
C00439,8,36,281600.03,4,3,2,432,Loyal
C00440,16,36,225193.25,3,3,1,331,Loyal
C00441,43,30,209927.86,1,1,1,111,At Risk
C00442,11,30,226953.88999999998,4,1,1,411,New
C00443,40,37,415003.86,1,4,5,145,Regular
C00444,33,37,303831.72,2,4,3,243,Regular
C00445,15,29,236857.72,3,1,1,311,Regular
C00446,21,34,244847.87,2,3,2,232,Regular
C00447,26,41,479184.01,2,5,5,255,Regular
C00448,38,32,256493.66,1,2,2,122,At Risk
C00449,3,34,347792.26,5,3,4,534,Loyal
C00450,4,33,247157.88,5,2,2,522,New
C00451,6,30,343327.93,4,1,4,414,New
C00452,4,40,477907.15,5,4,5,545,Champions
C00453,15,38,378783.23,3,4,4,344,Loyal
C00454,2,46,409606.62,5,5,5,555,Champions
C00455,52,30,424562.85,1,1,5,115,At Risk
C00456,4,39,376776.58,5,4,4,544,Champions
C00457,6,40,329781.73,4,4,3,443,Loyal
C00458,10,33,298113.8,4,2,3,423,New
C00459,12,36,342945.59,3,3,4,334,Loyal
C00460,2,31,267052.08999999997,5,2,2,522,New
C00461,38,24,168966.77,1,1,1,111,At Risk
C00462,14,27,331681.48,3,1,3,313,Regular
C00463,1,26,197098.26,5,1,1,511,New
C00464,2,31,252108.57,5,2,2,522,New
C00465,3,34,275578.46,5,3,2,532,Loyal
C00466,10,34,289643.73,4,3,2,432,Loyal
C00467,54,33,295259.77,1,2,3,123,At Risk
C00468,5,37,464374.42,5,4,5,545,Champions
C00469,19,30,352003.69,3,1,4,314,Regular
C00470,1,35,214114.54,5,3,1,531,Loyal
C00471,12,31,241341.22,3,2,1,321,Regular
C00472,5,38,490805.54,5,4,5,545,Champions
C00473,14,24,154550.45,3,1,1,311,Regular
C00474,12,38,291514.72000000003,3,4,2,342,Loyal
C00475,18,43,414893.16,3,5,5,355,Loyal
C00476,6,25,153497.33000000002,4,1,1,411,New
C00477,2,37,316280.47,5,4,3,543,Loyal
C00478,13,33,310943.11,3,2,3,323,Regular
C00479,15,43,510704.56,3,5,5,355,Loyal
C00480,18,38,175710.87,3,4,1,341,Loyal
C00481,8,31,332353.28,4,2,3,423,New
C00482,5,30,242226.73,5,1,1,511,New
C00483,7,41,360641.07,4,5,4,454,Champions
C00484,2,39,337474.3,5,4,4,544,Champions
C00485,8,29,208421.32,4,1,1,411,New
C00486,3,37,338144.74,5,4,4,544,Champions
C00487,26,40,398866.52999999997,2,4,5,245,Regular
C00488,38,33,302946.91000000003,1,2,3,123,At Risk
C00489,19,36,272616.05,3,3,2,332,Loyal
C00490,14,29,219318.48,3,1,1,311,Regular
C00491,2,32,331714.51,5,2,3,523,New
C00492,1,30,198823.87,5,1,1,511,New
C00493,10,41,413386.46,4,5,5,455,Champions
C00494,10,47,396933.63,4,5,5,455,Champions
C00495,7,32,213743.09,4,2,1,421,New
C00496,3,43,353710.72,5,5,4,554,Champions
C00497,25,36,365066.17,2,3,4,234,Regular
C00498,8,42,361929.38,4,5,4,454,Champions
C00499,29,28,264199.8,2,1,2,212,At Risk
C00500,8,29,202473.7,4,1,1,411,New
C00501,17,30,286162.63,3,1,2,312,Regular
C00502,30,31,300703.21,2,2,3,223,At Risk
C00503,14,46,332351.12,3,5,3,353,Loyal
C00504,126,27,205495.0,1,1,1,111,At Risk
C00505,7,37,261123.29,4,4,2,442,Loyal
C00506,24,28,296030.52,2,1,3,213,At Risk
C00507,25,44,297977.39,2,5,3,253,Regular
C00508,30,35,400666.95,2,3,5,235,Regular
C00509,15,19,114958.54,3,1,1,311,Regular
C00510,49,35,179760.4,1,3,1,131,Regular
C00511,27,33,200954.37,2,2,1,221,At Risk
C00512,14,27,234233.09,3,1,1,311,Regular
C00513,17,45,462259.32,3,5,5,355,Loyal
C00514,74,34,271267.24,1,3,2,132,Regular
C00515,33,26,225872.78,2,1,1,211,At Risk
C00516,8,34,250623.03,4,3,2,432,Loyal
C00517,32,30,198837.51,2,1,1,211,At Risk
C00518,1,35,293395.19,5,3,3,533,Loyal
C00519,4,34,277395.82,5,3,2,532,Loyal
C00520,82,36,253166.02,1,3,2,132,Regular
C00521,43,35,340827.06,1,3,4,134,Regular
C00522,23,40,406922.96,2,4,5,245,Regular
C00523,21,35,280085.08999999997,2,3,2,232,Regular
C00524,5,37,223701.81,5,4,1,541,Loyal
C00525,3,46,525875.44,5,5,5,555,Champions
C00526,4,31,446153.88,5,2,5,525,New
C00527,11,36,292922.62,4,3,3,433,Loyal
C00528,6,22,169241.41,4,1,1,411,New
C00529,6,40,368390.7,4,4,4,444,Champions
C00530,4,39,338233.28,5,4,4,544,Champions
C00531,20,50,591897.29,2,5,5,255,Regular
C00532,22,43,404703.05,2,5,5,255,Regular
C00533,1,33,308614.3,5,2,3,523,New
C00534,11,34,319219.82,4,3,3,433,Loyal
C00535,93,28,185946.55,1,1,1,111,At Risk
C00536,5,33,271534.01,5,2,2,522,New
C00537,50,34,240057.77,1,3,1,131,Regular
C00538,8,42,285411.68,4,5,2,452,Loyal
C00539,3,32,233087.85,5,2,1,521,New
C00540,82,29,320706.9,1,1,3,113,At Risk
C00541,11,31,229250.13,4,2,1,421,New
C00542,6,30,184689.03,4,1,1,411,New
C00543,1,41,462138.98,5,5,5,555,Champions
C00544,14,43,467877.91,3,5,5,355,Loyal
C00545,32,25,151120.82,2,1,1,211,At Risk
C00546,16,28,307919.72000000003,3,1,3,313,Regular
C00547,23,33,354631.0,2,2,4,224,At Risk
C00548,16,32,165550.8,3,2,1,321,Regular
C00549,31,39,213454.81,2,4,1,241,Regular
C00550,6,36,400374.15,4,3,5,435,Loyal
C00551,8,28,261354.41,4,1,2,412,New
C00552,21,39,354309.39,2,4,4,244,Regular
C00553,18,30,317316.31,3,1,3,313,Regular
C00554,2,28,358533.24,5,1,4,514,New
C00555,4,25,301962.62,5,1,3,513,New
C00556,1,35,273231.21,5,3,2,532,Loyal
C00557,1,38,270846.17,5,4,2,542,Loyal
C00558,9,37,353887.36,4,4,4,444,Champions
C00559,3,33,413613.68,5,2,5,525,New
C00560,18,38,313986.22,3,4,3,343,Loyal
C00561,66,27,396617.92,1,1,5,115,At Risk
C00562,25,29,328727.67,2,1,3,213,At Risk
C00563,93,30,216125.01,1,1,1,111,At Risk
C00564,25,36,318977.72,2,3,3,233,Regular
C00565,24,30,293545.27,2,1,3,213,At Risk
C00566,7,44,379940.19,4,5,4,454,Champions
C00567,8,43,275587.52999999997,4,5,2,452,Loyal
C00568,1,34,279690.88,5,3,2,532,Loyal
C00569,9,34,282234.17,4,3,2,432,Loyal
C00570,12,28,276620.73,3,1,2,312,Regular
C00571,14,37,310485.15,3,4,3,343,Loyal
C00572,1,40,308625.1,5,4,3,543,Loyal
C00573,22,50,473595.34,2,5,5,255,Regular
C00574,1,36,237115.83000000002,5,3,1,531,Loyal
C00575,8,32,218566.57,4,2,1,421,New
C00576,51,35,229786.67,1,3,1,131,Regular
C00577,33,44,360107.63,2,5,4,254,Regular
C00578,20,35,348000.02,2,3,4,234,Regular
C00579,16,35,273966.76,3,3,2,332,Loyal
C00580,61,40,306397.04,1,4,3,143,Regular
C00581,16,31,341455.3,3,2,4,324,Regular
C00582,24,33,279526.29,2,2,2,222,At Risk
C00583,23,36,428743.19,2,3,5,235,Regular
C00584,25,33,320488.48,2,2,3,223,At Risk
C00585,5,30,254718.43,5,1,2,512,New
C00586,4,38,373120.31,5,4,4,544,Champions
C00587,24,32,261287.68,2,2,2,222,At Risk
C00588,1,30,182150.37,5,1,1,511,New
C00589,7,44,609029.21,4,5,5,455,Champions
C00590,3,28,266402.01,5,1,2,512,New
C00591,28,32,182868.48,2,2,1,221,At Risk
C00592,5,41,359387.69,5,5,4,554,Champions
C00593,37,38,374897.42,1,4,4,144,Regular
C00594,10,35,394232.37,4,3,5,435,Loyal
C00595,41,26,229466.29,1,1,1,111,At Risk
C00596,24,27,297370.34,2,1,3,213,At Risk
C00597,2,36,348335.21,5,3,4,534,Loyal
C00598,4,42,553017.47,5,5,5,555,Champions
C00599,1,27,306413.08999999997,5,1,3,513,New
C00600,35,41,355589.56,1,5,4,154,Regular
C00601,20,49,411781.67,2,5,5,255,Regular
C00602,12,31,223174.81,3,2,1,321,Regular
C00603,71,37,384350.91,1,4,4,144,Regular
C00604,2,36,383602.66,5,3,4,534,Loyal
C00605,32,34,186872.04,2,3,1,231,Regular
C00606,26,42,321750.38,2,5,3,253,Regular
C00607,9,41,433382.15,4,5,5,455,Champions
C00608,15,45,478418.23,3,5,5,355,Loyal
C00609,60,22,60545.25,1,1,1,111,At Risk
C00610,9,31,358621.43,4,2,4,424,New
C00611,33,36,378589.58,2,3,4,234,Regular
C00612,3,26,251211.32,5,1,2,512,New
C00613,16,31,314444.67,3,2,3,323,Regular
C00614,8,38,343054.34,4,4,4,444,Champions
C00615,57,35,303557.64,1,3,3,133,Regular
C00616,46,31,290580.58,1,2,2,122,At Risk
C00617,16,51,379164.46,3,5,4,354,Loyal
C00618,2,29,297978.3,5,1,3,513,New
C00619,22,32,271990.54,2,2,2,222,At Risk
C00620,48,31,294828.69,1,2,3,123,At Risk
C00621,3,42,423556.77,5,5,5,555,Champions
C00622,23,30,280257.88,2,1,2,212,At Risk
C00623,18,32,198931.11,3,2,1,321,Regular
C00624,43,26,215831.66999999998,1,1,1,111,At Risk
C00625,1,29,277086.59,5,1,2,512,New
C00626,8,35,342741.11,4,3,4,434,Loyal
C00627,10,43,363118.91,4,5,4,454,Champions
C00628,66,34,462014.89,1,3,5,135,Regular
C00629,16,32,354342.70999999996,3,2,4,324,Regular
C00630,15,37,285470.25,3,4,2,342,Loyal
C00631,13,45,420565.87,3,5,5,355,Loyal
C00632,22,47,444334.7,2,5,5,255,Regular
C00633,44,29,227539.81,1,1,1,111,At Risk
C00634,17,27,315681.79,3,1,3,313,Regular
C00635,86,35,339983.97,1,3,4,134,Regular
C00636,20,35,334428.52999999997,2,3,4,234,Regular
C00637,35,36,300336.76,1,3,3,133,Regular
C00638,35,40,362172.97,1,4,4,144,Regular
C00639,3,33,356227.27,5,2,4,524,New
C00640,36,35,292423.41000000003,1,3,3,133,Regular
C00641,17,38,454144.85,3,4,5,345,Loyal
C00642,10,29,191843.34,4,1,1,411,New
C00643,44,46,465171.94,1,5,5,155,Regular
C00644,9,38,268558.86,4,4,2,442,Loyal
C00645,4,36,273464.24,5,3,2,532,Loyal
C00646,70,35,330706.11,1,3,3,133,Regular
C00647,2,45,445765.53,5,5,5,555,Champions
C00648,9,40,358188.88,4,4,4,444,Champions
C00649,18,43,357984.43,3,5,4,354,Loyal
C00650,21,38,449930.45,2,4,5,245,Regular
C00651,10,32,311245.69,4,2,3,423,New
C00652,26,41,361625.51,2,5,4,254,Regular
C00653,9,35,357068.8,4,3,4,434,Loyal
C00654,4,32,214440.58,5,2,1,521,New
C00655,49,34,265025.98,1,3,2,132,Regular
C00656,20,24,235039.26,2,1,1,211,At Risk
C00657,6,43,363953.44,4,5,4,454,Champions
C00658,45,26,193035.13,1,1,1,111,At Risk
C00659,7,35,341224.82,4,3,4,434,Loyal
C00660,3,32,326506.1,5,2,3,523,New
C00661,32,40,378131.32,2,4,4,244,Regular
C00662,42,43,503079.51,1,5,5,155,Regular
C00663,55,31,283725.18,1,2,2,122,At Risk
C00664,2,35,264490.33,5,3,2,532,Loyal
C00665,8,37,311100.43,4,4,3,443,Loyal
C00666,13,36,226771.34,3,3,1,331,Loyal
C00667,9,22,225414.24,4,1,1,411,New
C00668,10,39,398887.24,4,4,5,445,Champions
C00669,14,41,405492.82,3,5,5,355,Loyal
C00670,13,35,276977.2,3,3,2,332,Loyal
C00671,2,23,114539.18999999999,5,1,1,511,New
C00672,6,36,449648.97000000003,4,3,5,435,Loyal
C00673,11,45,524504.1,4,5,5,455,Champions
C00674,23,40,334260.82,2,4,4,244,Regular
C00675,25,35,397809.29,2,3,5,235,Regular
C00676,1,55,383415.14999999997,5,5,4,554,Champions
C00677,1,31,208424.37,5,2,1,521,New
C00678,3,28,273728.93,5,1,2,512,New
C00679,8,43,417158.28,4,5,5,455,Champions
C00680,5,34,427612.33,5,3,5,535,Loyal
C00681,15,37,498580.32,3,4,5,345,Loyal
C00682,30,34,261564.58,2,3,2,232,Regular
C00683,25,35,328622.4,2,3,3,233,Regular
C00684,5,45,458071.75,5,5,5,555,Champions
C00685,25,37,323449.33999999997,2,4,3,243,Regular
C00686,2,39,309981.98,5,4,3,543,Loyal
C00687,21,39,396141.17000000004,2,4,5,245,Regular
C00688,3,35,391793.82,5,3,5,535,Loyal
C00689,10,32,269877.1,4,2,2,422,New
C00690,19,38,423850.97000000003,3,4,5,345,Loyal
C00691,178,24,201716.82,1,1,1,111,At Risk
C00692,5,41,254810.46,5,5,2,552,Loyal
C00693,22,30,353858.38,2,1,4,214,At Risk
C00694,39,40,307723.26,1,4,3,143,Regular
C00695,31,30,387435.27,2,1,4,214,At Risk
C00696,15,44,444046.28,3,5,5,355,Loyal
C00697,1,37,329889.38,5,4,3,543,Loyal
C00698,23,36,372652.34,2,3,4,234,Regular
C00699,14,38,306836.58999999997,3,4,3,343,Loyal
C00700,10,36,213928.91999999998,4,3,1,431,Loyal
C00701,3,44,494429.29000000004,5,5,5,555,Champions
C00702,7,38,390406.91,4,4,5,445,Champions
C00703,13,31,221179.94,3,2,1,321,Regular
C00704,8,36,274869.11,4,3,2,432,Loyal
C00705,27,34,360791.5,2,3,4,234,Regular
C00706,5,29,246181.75,5,1,2,512,New
C00707,11,35,411055.53,4,3,5,435,Loyal
C00708,11,26,167752.04,4,1,1,411,New
C00709,7,34,308317.65,4,3,3,433,Loyal
C00710,36,23,279743.33,1,1,2,112,At Risk
C00711,5,32,337107.66,5,2,4,524,New
C00712,6,43,476785.07,4,5,5,455,Champions
C00713,58,35,322210.76,1,3,3,133,Regular
C00714,10,43,466672.64,4,5,5,455,Champions
C00715,20,38,410552.54000000004,2,4,5,245,Regular
C00716,1,35,236694.46,5,3,1,531,Loyal
C00717,9,33,352088.08,4,2,4,424,New
C00718,5,29,261884.45,5,1,2,512,New
C00719,5,41,430449.11,5,5,5,555,Champions
C00720,8,34,395106.62,4,3,5,435,Loyal
C00721,35,32,384210.15,1,2,4,124,At Risk
C00722,3,27,377600.05,5,1,4,514,New
C00723,21,31,203210.51,2,2,1,221,At Risk
C00724,39,31,299293.89,1,2,3,123,At Risk
C00725,9,40,471413.64,4,4,5,445,Champions
C00726,6,42,373569.47,4,5,4,454,Champions
C00727,40,23,204421.41999999998,1,1,1,111,At Risk
C00728,10,49,452673.68,4,5,5,455,Champions
C00729,28,20,138870.53,2,1,1,211,At Risk
C00730,8,42,365398.24,4,5,4,454,Champions
C00731,18,42,417215.02,3,5,5,355,Loyal
C00732,28,36,311121.93,2,3,3,233,Regular
C00733,24,33,390078.76,2,2,5,225,At Risk
C00734,1,34,200935.44,5,3,1,531,Loyal
C00735,4,33,347424.65,5,2,4,524,New
C00736,27,28,256827.63,2,1,2,212,At Risk
C00737,24,36,334207.28,2,3,4,234,Regular
C00738,5,40,293077.14,5,4,3,543,Loyal
C00739,11,33,270244.17,4,2,2,422,New
C00740,25,35,318818.05,2,3,3,233,Regular
C00741,8,47,355743.18,4,5,4,454,Champions
C00742,4,43,401007.54,5,5,5,555,Champions
C00743,45,40,312819.96,1,4,3,143,Regular
C00744,29,39,292761.86,2,4,3,243,Regular
C00745,7,39,347537.3,4,4,4,444,Champions
C00746,3,38,444343.92,5,4,5,545,Champions
C00747,3,42,333349.69,5,5,4,554,Champions
C00748,8,41,352148.35,4,5,4,454,Champions
C00749,8,29,203218.85,4,1,1,411,New
C00750,5,31,235566.68,5,2,1,521,New
C00751,18,38,438750.51,3,4,5,345,Loyal
C00752,3,37,307019.99,5,4,3,543,Loyal
C00753,18,27,155251.59,3,1,1,311,Regular
C00754,27,27,279213.1,2,1,2,212,At Risk
C00755,27,38,330116.82,2,4,3,243,Regular
C00756,14,43,472154.17,3,5,5,355,Loyal
C00757,22,36,300317.28,2,3,3,233,Regular
C00758,7,49,547851.05,4,5,5,455,Champions
C00759,9,36,297776.38,4,3,3,433,Loyal
C00760,45,29,259616.88,1,1,2,112,At Risk
C00761,31,28,413853.97,2,1,5,215,At Risk
C00762,28,29,196745.01,2,1,1,211,At Risk
C00763,65,27,221734.41,1,1,1,111,At Risk
C00764,45,33,268673.62,1,2,2,122,At Risk
C00765,17,34,256159.47,3,3,2,332,Loyal
C00766,23,39,378402.48,2,4,4,244,Regular
C00767,11,34,294165.18,4,3,3,433,Loyal
C00768,3,45,346892.88,5,5,4,554,Champions
C00769,2,31,224240.03,5,2,1,521,New
C00770,40,29,159607.49,1,1,1,111,At Risk
C00771,42,25,221825.53,1,1,1,111,At Risk
C00772,69,36,300875.35,1,3,3,133,Regular
C00773,1,34,241143.19,5,3,1,531,Loyal
C00774,24,31,229850.65,2,2,1,221,At Risk
C00775,5,28,184349.45,5,1,1,511,New
C00776,14,41,484282.86,3,5,5,355,Loyal
C00777,13,32,247972.2,3,2,2,322,Regular
C00778,70,29,285224.03,1,1,2,112,At Risk
C00779,1,29,243715.11,5,1,1,511,New
C00780,5,36,263917.85,5,3,2,532,Loyal
C00781,6,35,414229.26,4,3,5,435,Loyal
C00782,45,45,286653.23,1,5,2,152,Regular
C00783,15,36,314119.01,3,3,3,333,Loyal
C00784,2,31,289504.07,5,2,2,522,New
C00785,12,37,239370.98,3,4,1,341,Loyal
C00786,10,35,246225.43,4,3,2,432,Loyal
C00787,42,25,279194.44,1,1,2,112,At Risk
C00788,18,36,256705.41999999998,3,3,2,332,Loyal
C00789,3,36,317304.0,5,3,3,533,Loyal
C00790,53,29,313006.22000000003,1,1,3,113,At Risk
C00791,5,43,416308.61,5,5,5,555,Champions
C00792,21,35,289763.08,2,3,2,232,Regular
C00793,11,34,376062.39,4,3,4,434,Loyal
C00794,44,33,392246.64,1,2,5,125,At Risk
C00795,58,30,205305.85,1,1,1,111,At Risk
C00796,3,39,461354.1,5,4,5,545,Champions
C00797,15,43,381397.83,3,5,4,354,Loyal
C00798,3,39,325938.15,5,4,3,543,Loyal
C00799,2,41,364852.89,5,5,4,554,Champions
C00800,86,34,372358.57,1,3,4,134,Regular
C00801,57,26,190224.94,1,1,1,111,At Risk
C00802,38,22,173739.69,1,1,1,111,At Risk
C00803,53,45,463726.67,1,5,5,155,Regular
C00804,18,41,435576.61,3,5,5,355,Loyal
C00805,69,41,272922.17,1,5,2,152,Regular
C00806,5,31,218737.98,5,2,1,521,New
C00807,3,33,261662.12000000002,5,2,2,522,New
C00808,1,46,480299.74,5,5,5,555,Champions
C00809,17,40,304790.73,3,4,3,343,Loyal
C00810,11,34,276259.53,4,3,2,432,Loyal
C00811,5,36,375130.31,5,3,4,534,Loyal
C00812,12,52,427454.44,3,5,5,355,Loyal
C00813,57,32,331689.5,1,2,3,123,At Risk
C00814,82,36,383984.9,1,3,4,134,Regular
C00815,68,41,310504.76,1,5,3,153,Regular
C00816,46,38,442115.23,1,4,5,145,Regular
C00817,3,32,266148.85,5,2,2,522,New
C00818,10,31,376229.35000000003,4,2,4,424,New
C00819,28,32,384906.04,2,2,4,224,At Risk
C00820,1,30,320610.67,5,1,3,513,New
C00821,2,44,467084.27,5,5,5,555,Champions
C00822,21,28,278788.85,2,1,2,212,At Risk
C00823,2,36,359531.48,5,3,4,534,Loyal
C00824,31,34,188991.41,2,3,1,231,Regular
C00825,25,31,361030.17,2,2,4,224,At Risk
C00826,2,35,455372.22000000003,5,3,5,535,Loyal
C00827,2,37,379980.63,5,4,4,544,Champions
C00828,81,50,499516.8,1,5,5,155,Regular
C00829,1,43,498254.45,5,5,5,555,Champions
C00830,15,28,239578.11000000002,3,1,1,311,Regular
C00831,57,35,306097.04,1,3,3,133,Regular
C00832,21,26,171738.68,2,1,1,211,At Risk
C00833,30,26,148819.15,2,1,1,211,At Risk
C00834,10,30,340710.48,4,1,4,414,New
C00835,7,32,317533.06,4,2,3,423,New
C00836,22,42,397081.34,2,5,5,255,Regular
C00837,9,44,472265.9,4,5,5,455,Champions
C00838,21,36,283744.31,2,3,2,232,Regular
C00839,11,36,357856.46,4,3,4,434,Loyal
C00840,72,26,231244.4,1,1,1,111,At Risk
C00841,31,38,372924.89,2,4,4,244,Regular
C00842,27,31,188653.68,2,2,1,221,At Risk
C00843,37,49,361513.06,1,5,4,154,Regular
C00844,55,37,332581.63,1,4,3,143,Regular
C00845,7,32,241394.63999999998,4,2,1,421,New
C00846,8,25,282170.85000000003,4,1,2,412,New
C00847,2,24,187131.76,5,1,1,511,New
C00848,17,27,142264.34,3,1,1,311,Regular
C00849,48,37,443270.88,1,4,5,145,Regular
C00850,51,30,247704.96,1,1,2,112,At Risk
C00851,19,41,433455.7,3,5,5,355,Loyal
C00852,7,35,377560.41000000003,4,3,4,434,Loyal
C00853,28,37,371810.3,2,4,4,244,Regular
C00854,36,33,253726.89,1,2,2,122,At Risk
C00855,30,43,263397.38,2,5,2,252,Regular
C00856,10,44,487379.96,4,5,5,455,Champions
C00857,10,34,318842.02,4,3,3,433,Loyal
C00858,6,34,275278.72,4,3,2,432,Loyal
C00859,1,33,289130.68,5,2,2,522,New
C00860,2,37,297848.18,5,4,3,543,Loyal
C00861,11,34,217741.75,4,3,1,431,Loyal
C00862,8,37,410074.36,4,4,5,445,Champions
C00863,4,37,197589.55,5,4,1,541,Loyal
C00864,8,31,241666.30000000002,4,2,1,421,New
C00865,2,38,419349.87,5,4,5,545,Champions
C00866,6,28,260348.03,4,1,2,412,New
C00867,36,42,448481.72000000003,1,5,5,155,Regular
C00868,1,34,356844.88,5,3,4,534,Loyal
C00869,3,35,320106.68,5,3,3,533,Loyal
C00870,92,29,166189.89,1,1,1,111,At Risk
C00871,11,36,225565.38,4,3,1,431,Loyal
C00872,11,36,406656.11,4,3,5,435,Loyal
C00873,14,37,434145.2,3,4,5,345,Loyal
C00874,7,38,319953.1,4,4,3,443,Loyal
C00875,10,42,339295.25,4,5,4,454,Champions
C00876,25,38,445602.96,2,4,5,245,Regular
C00877,28,36,181579.25,2,3,1,231,Regular
C00878,19,33,182555.91999999998,3,2,1,321,Regular
C00879,7,45,318277.94,4,5,3,453,Loyal
C00880,14,22,229217.42,3,1,1,311,Regular
C00881,11,29,493663.58,4,1,5,415,New
C00882,64,37,251971.11,1,4,2,142,Regular
C00883,30,38,256426.56,2,4,2,242,Regular
C00884,21,32,261691.91,2,2,2,222,At Risk
C00885,18,32,219155.43,3,2,1,321,Regular
C00886,39,29,340275.72000000003,1,1,4,114,At Risk
C00887,37,29,245377.17,1,1,2,112,At Risk
C00888,22,34,458021.15,2,3,5,235,Regular
C00889,31,49,558481.43,2,5,5,255,Regular
C00890,38,36,264552.89,1,3,2,132,Regular
C00891,7,35,520822.66000000003,4,3,5,435,Loyal
C00892,14,34,253788.42,3,3,2,332,Loyal
C00893,58,37,303172.66,1,4,3,143,Regular
C00894,10,24,216225.73,4,1,1,411,New
C00895,16,41,357088.44,3,5,4,354,Loyal
C00896,9,38,375086.93,4,4,4,444,Champions
C00897,44,37,333409.04,1,4,4,144,Regular
C00898,1,46,294941.9,5,5,3,553,Loyal
C00899,30,43,457653.34,2,5,5,255,Regular
C00900,7,41,258645.68,4,5,2,452,Loyal
C00901,23,23,185583.13,2,1,1,211,At Risk
C00902,17,32,341842.82,3,2,4,324,Regular
C00903,17,18,178384.45,3,1,1,311,Regular
C00904,4,37,186160.24000000002,5,4,1,541,Loyal
C00905,34,23,181953.1,2,1,1,211,At Risk
C00906,16,31,250368.39,3,2,2,322,Regular
C00907,16,38,263665.92,3,4,2,342,Loyal
C00908,1,29,359259.97000000003,5,1,4,514,New
C00909,15,30,178568.94,3,1,1,311,Regular
C00910,28,34,246632.76,2,3,2,232,Regular
C00911,42,33,223713.31,1,2,1,121,At Risk
C00912,19,38,177020.07,3,4,1,341,Loyal
C00913,15,38,388160.74,3,4,4,344,Loyal
C00914,27,21,288247.74,2,1,2,212,At Risk
C00915,4,43,415339.52,5,5,5,555,Champions
C00916,9,40,364908.63,4,4,4,444,Champions
C00917,4,33,281826.75,5,2,2,522,New
C00918,52,29,270806.13,1,1,2,112,At Risk
C00919,17,34,256723.16,3,3,2,332,Loyal
C00920,24,32,216531.77,2,2,1,221,At Risk
C00921,45,37,294461.22,1,4,3,143,Regular
C00922,16,26,282001.74,3,1,2,312,Regular
C00923,14,38,319960.57,3,4,3,343,Loyal
C00924,22,32,333220.94,2,2,4,224,At Risk
C00925,11,43,455021.1,4,5,5,455,Champions
C00926,10,35,443597.20999999996,4,3,5,435,Loyal
C00927,65,43,424049.97,1,5,5,155,Regular
C00928,11,30,237585.67,4,1,1,411,New
C00929,4,38,307320.93,5,4,3,543,Loyal
C00930,2,31,317689.21,5,2,3,523,New
C00931,22,42,246698.24,2,5,2,252,Regular
C00932,12,30,237005.6,3,1,1,311,Regular
C00933,4,37,371203.45,5,4,4,544,Champions
C00934,24,34,309557.59,2,3,3,233,Regular
C00935,20,38,366909.03,2,4,4,244,Regular
C00936,15,42,304726.69,3,5,3,353,Loyal
C00937,1,48,329805.1,5,5,3,553,Loyal
C00938,6,38,303505.8,4,4,3,443,Loyal
C00939,2,39,316489.72,5,4,3,543,Loyal
C00940,11,41,350376.04,4,5,4,454,Champions
C00941,15,35,483745.93,3,3,5,335,Loyal
C00942,4,31,295395.53,5,2,3,523,New
C00943,7,38,299007.53,4,4,3,443,Loyal
C00944,44,42,342619.01,1,5,4,154,Regular
C00945,29,30,302079.32,2,1,3,213,At Risk
C00946,9,36,266623.45,4,3,2,432,Loyal
C00947,9,32,261373.51,4,2,2,422,New
C00948,7,35,208598.02,4,3,1,431,Loyal
C00949,18,33,421925.37,3,2,5,325,Regular
C00950,54,33,353715.0,1,2,4,124,At Risk
C00951,37,32,201411.13,1,2,1,121,At Risk
C00952,42,34,298115.49,1,3,3,133,Regular
C00953,7,39,284484.68,4,4,2,442,Loyal
C00954,53,29,402288.25,1,1,5,115,At Risk
C00955,66,30,219013.84,1,1,1,111,At Risk
C00956,3,41,348597.94,5,5,4,554,Champions
C00957,2,27,202272.06,5,1,1,511,New
C00958,38,32,348451.15,1,2,4,124,At Risk
C00959,10,28,269041.20999999996,4,1,2,412,New
C00960,21,35,336924.48,2,3,4,234,Regular
C00961,24,36,484513.94,2,3,5,235,Regular
C00962,11,31,330340.8,4,2,3,423,New
C00963,11,39,218581.92,4,4,1,441,Loyal
C00964,47,36,345936.98,1,3,4,134,Regular
C00965,15,26,104553.16,3,1,1,311,Regular
C00966,27,43,355211.12,2,5,4,254,Regular
C00967,4,43,431368.0,5,5,5,555,Champions
C00968,25,31,194053.25,2,2,1,221,At Risk
C00969,96,26,176563.05,1,1,1,111,At Risk
C00970,47,39,384811.16,1,4,4,144,Regular
C00971,29,33,332703.69,2,2,4,224,At Risk
C00972,23,32,281046.66,2,2,2,222,At Risk
C00973,22,40,305248.57,2,4,3,243,Regular
C00974,26,31,312538.94,2,2,3,223,At Risk
C00975,20,39,410615.98,2,4,5,245,Regular
C00976,18,48,370879.08,3,5,4,354,Loyal
C00977,2,30,301536.37,5,1,3,513,New
C00978,34,39,224418.29,2,4,1,241,Regular
C00979,43,48,349449.68,1,5,4,154,Regular
C00980,8,35,387891.33,4,3,4,434,Loyal
C00981,83,26,311160.82,1,1,3,113,At Risk
C00982,11,37,336549.35,4,4,4,444,Champions
C00983,18,38,398215.57,3,4,5,345,Loyal
C00984,11,34,426157.49,4,3,5,435,Loyal
C00985,8,41,359113.1,4,5,4,454,Champions
C00986,28,22,355364.1,2,1,4,214,At Risk
C00987,3,31,285695.47000000003,5,2,2,522,New
C00988,47,43,397565.3,1,5,5,155,Regular
C00989,17,30,346485.59,3,1,4,314,Regular
C00990,27,42,500878.18,2,5,5,255,Regular
C00991,42,26,167289.52,1,1,1,111,At Risk
C00992,7,36,329656.02,4,3,3,433,Loyal
C00993,39,41,540181.08,1,5,5,155,Regular
C00994,8,36,316402.9,4,3,3,433,Loyal
C00995,3,37,275352.38,5,4,2,542,Loyal
C00996,12,34,214829.1,3,3,1,331,Loyal
C00997,11,38,348027.89,4,4,4,444,Champions
C00998,1,35,390847.83,5,3,5,535,Loyal
C00999,25,40,370694.5,2,4,4,244,Regular
C01000,5,29,259398.46,5,1,2,512,New
C01001,1,34,390874.3,5,3,5,535,Loyal
C01002,38,31,302396.60000000003,1,2,3,123,At Risk
C01003,8,30,302314.82,4,1,3,413,New
C01004,5,37,311870.57999999996,5,4,3,543,Loyal
C01005,48,31,257698.83,1,2,2,122,At Risk
C01006,1,47,385542.19,5,5,4,554,Champions
C01007,21,38,384386.74,2,4,4,244,Regular
C01008,45,27,190980.41,1,1,1,111,At Risk
C01009,23,43,420174.68,2,5,5,255,Regular
C01010,52,45,544034.31,1,5,5,155,Regular
C01011,25,41,475219.65,2,5,5,255,Regular
C01012,33,33,227528.34,2,2,1,221,At Risk
C01013,26,29,261411.65,2,1,2,212,At Risk
C01014,17,54,482399.8,3,5,5,355,Loyal
C01015,9,40,441866.48,4,4,5,445,Champions
C01016,120,26,186969.36,1,1,1,111,At Risk
C01017,29,38,366096.17,2,4,4,244,Regular
C01018,41,20,76039.44,1,1,1,111,At Risk
C01019,2,33,246638.83000000002,5,2,2,522,New
C01020,40,37,328002.18,1,4,3,143,Regular
C01021,1,37,298088.91,5,4,3,543,Loyal
C01022,39,39,312136.55,1,4,3,143,Regular
C01023,5,32,326513.59,5,2,3,523,New
C01024,1,40,397512.83,5,4,5,545,Champions
C01025,48,28,354786.83999999997,1,1,4,114,At Risk
C01026,20,44,258920.43,2,5,2,252,Regular
C01027,5,35,266205.68,5,3,2,532,Loyal
C01028,19,27,280284.76,3,1,2,312,Regular
C01029,52,32,343991.61,1,2,4,124,At Risk
C01030,2,33,256602.17,5,2,2,522,New
C01031,62,26,214497.46,1,1,1,111,At Risk
C01032,3,39,340133.86,5,4,4,544,Champions
C01033,8,33,306477.16000000003,4,2,3,423,New
C01034,9,30,414208.14,4,1,5,415,New
C01035,15,31,271450.62,3,2,2,322,Regular
C01036,22,36,303146.75,2,3,3,233,Regular
C01037,9,40,387274.7,4,4,4,444,Champions
C01038,24,33,193889.35,2,2,1,221,At Risk
C01039,80,27,212490.03,1,1,1,111,At Risk
C01040,13,31,386535.93,3,2,4,324,Regular
C01041,54,26,318471.64999999997,1,1,3,113,At Risk
C01042,35,42,323292.63,1,5,3,153,Regular
C01043,27,27,288829.78,2,1,2,212,At Risk
C01044,16,33,352422.04,3,2,4,324,Regular
C01045,11,44,457510.95,4,5,5,455,Champions
C01046,43,31,327243.86,1,2,3,123,At Risk
C01047,85,20,206884.61,1,1,1,111,At Risk
C01048,8,41,293835.26,4,5,3,453,Loyal
C01049,3,36,323206.7,5,3,3,533,Loyal
C01050,15,34,316564.55,3,3,3,333,Loyal
C01051,15,34,279444.98,3,3,2,332,Loyal
C01052,27,34,244679.72,2,3,2,232,Regular
C01053,37,34,269837.16,1,3,2,132,Regular
C01054,52,43,462251.46,1,5,5,155,Regular
C01055,12,38,360031.63,3,4,4,344,Loyal
C01056,4,36,318781.73,5,3,3,533,Loyal
C01057,4,36,265453.77,5,3,2,532,Loyal
C01058,44,37,440956.02,1,4,5,145,Regular
C01059,2,29,426051.91,5,1,5,515,New
C01060,24,48,376410.41,2,5,4,254,Regular
C01061,12,38,488737.33999999997,3,4,5,345,Loyal
C01062,32,35,310100.41,2,3,3,233,Regular
C01063,24,34,227557.07,2,3,1,231,Regular
C01064,8,29,220483.53,4,1,1,411,New
C01065,17,26,234313.7,3,1,1,311,Regular
C01066,35,34,258338.72,1,3,2,132,Regular
C01067,29,24,261176.15,2,1,2,212,At Risk
C01068,34,35,265761.88,2,3,2,232,Regular
C01069,2,32,334117.15,5,2,4,524,New
C01070,9,30,246399.27,4,1,2,412,New
C01071,13,31,342583.95,3,2,4,324,Regular
C01072,26,34,212665.16999999998,2,3,1,231,Regular
C01073,3,41,335967.25,5,5,4,554,Champions
C01074,41,40,524352.6900000001,1,4,5,145,Regular
C01075,6,34,330604.44,4,3,3,433,Loyal
C01076,5,37,321553.17,5,4,3,543,Loyal
C01077,10,32,288355.0,4,2,2,422,New
C01078,12,40,288420.49,3,4,2,342,Loyal
C01079,18,24,185205.84,3,1,1,311,Regular
C01080,11,37,330501.78,4,4,3,443,Loyal
C01081,42,25,211458.30000000002,1,1,1,111,At Risk
C01082,18,29,320143.27,3,1,3,313,Regular
C01083,13,27,231133.38,3,1,1,311,Regular
C01084,4,47,440694.13,5,5,5,555,Champions
C01085,57,37,369873.05,1,4,4,144,Regular
C01086,34,37,374577.03,2,4,4,244,Regular
C01087,22,39,323880.17,2,4,3,243,Regular
C01088,8,38,342805.21,4,4,4,444,Champions
C01089,3,33,423410.22,5,2,5,525,New
C01090,13,47,406954.08,3,5,5,355,Loyal
C01091,40,32,296915.94,1,2,3,123,At Risk
C01092,17,38,440174.43,3,4,5,345,Loyal
C01093,9,35,395813.68,4,3,5,435,Loyal
C01094,109,30,118665.12,1,1,1,111,At Risk
C01095,19,33,288134.01,3,2,2,322,Regular
C01096,8,39,213230.81,4,4,1,441,Loyal
C01097,27,37,301630.45,2,4,3,243,Regular
C01098,13,32,335437.0,3,2,4,324,Regular
C01099,53,40,322401.21,1,5,3,153,Regular
C01100,10,37,236783.69,4,4,1,441,Loyal
C01101,15,39,329769.29,3,4,3,343,Loyal
C01102,6,37,265062.12,4,4,2,442,Loyal
C01103,86,33,354655.27,1,2,4,124,At Risk
C01104,88,31,359173.67,1,2,4,124,At Risk
C01105,87,39,248121.13999999998,1,4,2,142,Regular
C01106,24,32,282143.79,2,2,2,222,At Risk
C01107,12,37,306559.33,3,4,3,343,Loyal
C01108,4,31,306519.45,5,2,3,523,New
C01109,5,37,236221.3,5,4,1,541,Loyal
C01110,25,26,257249.42,2,1,2,212,At Risk
C01111,40,34,341045.01,1,3,4,134,Regular
C01112,1,44,412898.96,5,5,5,555,Champions
C01113,13,34,251473.43,3,3,2,332,Loyal
C01114,25,36,322848.94,2,3,3,233,Regular
C01115,10,31,237957.96,4,2,1,421,New
C01116,8,28,266790.85,4,1,2,412,New
C01117,31,30,382419.59,2,1,4,214,At Risk
C01118,67,35,405088.18,1,3,5,135,Regular
C01119,59,36,307601.42,1,3,3,133,Regular
C01120,19,43,490161.12,3,5,5,355,Loyal
C01121,74,31,175391.66,1,2,1,121,At Risk
C01122,4,44,502501.29,5,5,5,555,Champions
C01123,54,35,283058.77,1,3,2,132,Regular
C01124,29,34,312746.86,2,3,3,233,Regular
C01125,5,39,313797.34,5,4,3,543,Loyal
C01126,1,43,323411.5,5,5,3,553,Loyal
C01127,77,35,368690.15,1,3,4,134,Regular
C01128,43,28,198902.90000000002,1,1,1,111,At Risk
C01129,94,27,302323.77,1,1,3,113,At Risk
C01130,14,39,267664.33,3,4,2,342,Loyal
C01131,2,34,265387.91,5,3,2,532,Loyal
C01132,17,30,248790.87,3,2,2,322,Regular
C01133,16,35,311295.13,3,3,3,333,Loyal
C01134,53,33,373246.77,1,2,4,124,At Risk
C01135,2,29,246333.45,5,1,2,512,New
C01136,2,37,356259.1,5,4,4,544,Champions
C01137,14,19,96179.25,3,1,1,311,Regular
C01138,22,40,324001.83,2,5,3,253,Regular
C01139,5,30,312252.67,5,2,3,523,New
C01140,18,35,205672.53,3,3,1,331,Loyal
C01141,22,40,342602.02999999997,2,5,4,254,Regular
C01142,4,44,432997.58999999997,5,5,5,555,Champions
C01143,16,34,292963.3,3,3,3,333,Loyal
C01144,37,38,297248.19,1,4,3,143,Regular
C01145,3,31,308272.01,5,2,3,523,New
C01146,38,32,281061.69,1,2,2,122,At Risk
C01147,15,41,465083.94,3,5,5,355,Loyal
C01148,58,28,320225.22,1,1,3,113,At Risk
C01149,2,35,264298.57,5,3,2,532,Loyal
C01150,36,37,348998.77999999997,1,4,4,144,Regular
C01151,7,36,389497.93,4,3,4,434,Loyal
C01152,20,34,298225.82,2,3,3,233,Regular
C01153,14,34,302240.48,3,3,3,333,Loyal
C01154,14,28,473749.52,3,1,5,315,Regular
C01155,9,41,326551.82,4,5,3,453,Loyal
C01156,11,29,355505.83,4,1,4,414,New
C01157,52,34,250270.89,1,3,2,132,Regular
C01158,6,36,269142.8,4,3,2,432,Loyal
C01159,36,41,215007.99000000002,1,5,1,151,Regular
C01160,24,30,253795.62,2,2,2,222,At Risk
C01161,35,38,398452.7,1,4,5,145,Regular
C01162,89,37,411868.21,1,4,5,145,Regular
C01163,19,31,283451.25,3,2,2,322,Regular
C01164,39,36,236962.17,1,3,1,131,Regular
C01165,19,30,273538.76,3,2,2,322,Regular
C01166,9,22,283464.47,4,1,2,412,New
C01167,37,39,348089.78,1,4,4,144,Regular
C01168,43,46,485120.55,1,5,5,155,Regular
C01169,27,32,255899.51,2,2,2,222,At Risk
C01170,1,51,472273.68,5,5,5,555,Champions
C01171,36,33,289076.51,1,2,2,122,At Risk
C01172,4,36,323955.7,5,3,3,533,Loyal
C01173,25,34,255673.3,2,3,2,232,Regular
C01174,19,39,357608.32,3,4,4,344,Loyal
C01175,2,33,344323.22,5,2,4,524,New
C01176,13,44,347449.58,3,5,4,354,Loyal
C01177,57,25,227849.55,1,1,1,111,At Risk
C01178,81,27,270414.52999999997,1,1,2,112,At Risk
C01179,15,45,486536.33,3,5,5,355,Loyal
C01180,27,44,319608.83,2,5,3,253,Regular
C01181,26,37,400080.88,2,4,5,245,Regular
C01182,51,37,324092.0,1,4,3,143,Regular
C01183,28,29,280635.58,2,1,2,212,At Risk
C01184,23,38,353531.99,2,4,4,244,Regular
C01185,1,38,238053.44,5,4,1,541,Loyal
C01186,11,39,474240.56,4,4,5,445,Champions
C01187,4,33,432530.37,5,2,5,525,New
C01188,60,36,370940.4,1,3,4,134,Regular
C01189,46,31,358660.79,1,2,4,124,At Risk
C01190,5,31,336673.12,5,2,4,524,New
C01191,10,43,450762.82,4,5,5,455,Champions
C01192,10,43,428137.58,4,5,5,455,Champions
C01193,23,28,220238.08000000002,2,1,1,211,At Risk
C01194,5,35,362809.18,5,3,4,534,Loyal
C01195,3,36,278448.38,5,3,2,532,Loyal
C01196,11,37,340737.32,4,4,4,444,Champions
C01197,33,31,357633.69,2,2,4,224,At Risk
C01198,2,33,333025.71,5,2,4,524,New
C01199,76,33,284149.43,1,2,2,122,At Risk
C01200,74,26,223979.02,1,1,1,111,At Risk
C01201,12,36,236496.71,3,3,1,331,Loyal
C01202,46,37,322856.87,1,4,3,143,Regular
C01203,9,36,313132.17,4,3,3,433,Loyal
C01204,7,38,421935.91000000003,4,4,5,445,Champions
C01205,20,38,265972.16,2,4,2,242,Regular
C01206,5,28,253513.53999999998,5,1,2,512,New
C01207,23,40,466453.86,2,5,5,255,Regular
C01208,44,39,445005.28,1,4,5,145,Regular
C01209,3,34,168252.25,5,3,1,531,Loyal
C01210,1,38,236844.55,5,4,1,541,Loyal
C01211,73,39,269803.95,1,4,2,142,Regular
C01212,14,24,294536.57,3,1,3,313,Regular
C01213,8,36,245240.33,4,3,2,432,Loyal
C01214,8,30,329799.47,4,2,3,423,New
C01215,3,28,188211.93,5,1,1,511,New
C01216,1,31,263611.61,5,2,2,522,New
C01217,10,44,348004.72000000003,4,5,4,454,Champions
C01218,49,31,237700.82,1,2,1,121,At Risk
C01219,48,27,223511.57,1,1,1,111,At Risk
C01220,3,32,306686.24,5,2,3,523,New
C01221,16,34,271746.09,3,3,2,332,Loyal
C01222,13,33,290455.22000000003,3,2,2,322,Regular
C01223,2,35,350874.73,5,3,4,534,Loyal
C01224,9,33,205322.86000000002,4,2,1,421,New
C01225,18,38,342351.93,3,4,4,344,Loyal
C01226,57,28,265894.93,1,1,2,112,At Risk
C01227,39,35,308863.86,1,3,3,133,Regular
C01228,7,44,404136.23,4,5,5,455,Champions
C01229,19,41,438827.27,3,5,5,355,Loyal
C01230,26,32,247206.28,2,2,2,222,At Risk
C01231,10,39,388505.22,4,4,4,444,Champions
C01232,1,33,357309.04,5,2,4,524,New
C01233,5,37,395787.23,5,4,5,545,Champions
C01234,149,28,272489.81,1,1,2,112,At Risk
C01235,1,40,406964.73,5,5,5,555,Champions
C01236,13,40,329133.19,3,5,3,353,Loyal
C01237,8,27,200016.63,4,1,1,411,New
C01238,2,42,274992.22,5,5,2,552,Loyal
C01239,15,44,404199.65,3,5,5,355,Loyal
C01240,8,29,201090.42,4,1,1,411,New
C01241,24,31,339099.42,2,2,4,224,At Risk
C01242,50,26,242321.25,1,1,1,111,At Risk
C01243,13,49,430662.68,3,5,5,355,Loyal
C01244,61,41,378887.61,1,5,4,154,Regular
C01245,11,35,326601.77,4,3,3,433,Loyal
C01246,44,46,451732.51,1,5,5,155,Regular
C01247,18,35,304711.98,3,3,3,333,Loyal
C01248,2,35,282012.9,5,3,2,532,Loyal
C01249,3,35,305337.07,5,3,3,533,Loyal
C01250,4,28,243829.48,5,1,1,511,New
C01251,53,31,287208.24,1,2,2,122,At Risk
C01252,52,29,306628.95,1,1,3,113,At Risk
C01253,37,34,230007.43,1,3,1,131,Regular
C01254,18,29,210658.84,3,1,1,311,Regular
C01255,29,29,251640.89,2,1,2,212,At Risk
C01256,56,26,327934.25,1,1,3,113,At Risk
C01257,3,34,335887.2,5,3,4,534,Loyal
C01258,28,33,389682.33999999997,2,2,4,224,At Risk
C01259,12,29,285262.96,3,1,2,312,Regular
C01260,30,36,296157.13,2,3,3,233,Regular
C01261,6,34,442955.55,4,3,5,435,Loyal
C01262,18,36,354042.14,3,3,4,334,Loyal
C01263,41,23,236167.47999999998,1,1,1,111,At Risk
C01264,3,37,325735.82,5,4,3,543,Loyal
C01265,45,22,214396.74000000002,1,1,1,111,At Risk
C01266,51,29,249946.16,1,1,2,112,At Risk
C01267,8,31,293829.0,4,2,3,423,New
C01268,4,37,342004.75,5,4,4,544,Champions
C01269,5,45,327468.81,5,5,3,553,Loyal
C01270,4,37,294002.92,5,4,3,543,Loyal
C01271,60,41,399444.7,1,5,5,155,Regular
C01272,15,39,348725.74,3,4,4,344,Loyal
C01273,49,41,340041.61,1,5,4,154,Regular
C01274,17,35,279043.02,3,3,2,332,Loyal
C01275,9,36,206772.59,4,3,1,431,Loyal
C01276,20,34,193397.26,2,3,1,231,Regular
C01277,15,28,282614.64999999997,3,1,2,312,Regular
C01278,6,24,292278.16000000003,4,1,3,413,New
C01279,33,31,290335.49,2,2,2,222,At Risk
C01280,69,28,324917.10000000003,1,1,3,113,At Risk
C01281,11,36,383973.36,4,3,4,434,Loyal
C01282,24,42,270130.41,2,5,2,252,Regular
C01283,9,35,340825.88,4,3,4,434,Loyal
C01284,23,32,258155.47,2,2,2,222,At Risk
C01285,6,37,326908.79,4,4,3,443,Loyal
C01286,6,30,234751.57,4,2,1,421,New
C01287,18,49,436129.20999999996,3,5,5,355,Loyal
C01288,5,39,338008.37,5,4,4,544,Champions
C01289,20,42,321577.54,2,5,3,253,Regular
C01290,49,29,230357.58000000002,1,1,1,111,At Risk
C01291,18,38,293834.49,3,4,3,343,Loyal
C01292,2,39,403445.34,5,4,5,545,Champions
C01293,1,44,390652.83,5,5,5,555,Champions
C01294,50,39,319669.37,1,4,3,143,Regular
C01295,18,42,374399.34,3,5,4,354,Loyal
C01296,15,29,194225.46,3,1,1,311,Regular
C01297,22,31,297934.57,2,2,3,223,At Risk
C01298,12,31,213353.75,3,2,1,321,Regular
C01299,15,26,143549.62,3,1,1,311,Regular
C01300,6,34,369695.63,4,3,4,434,Loyal
C01301,23,36,294134.85000000003,2,3,3,233,Regular
C01302,49,37,353473.28,1,4,4,144,Regular
C01303,8,32,241771.76,4,2,1,421,New
C01304,26,47,529795.62,2,5,5,255,Regular
C01305,1,30,219810.17,5,2,1,521,New
C01306,4,32,278792.26,5,2,2,522,New
C01307,2,34,394657.95,5,3,5,535,Loyal
C01308,29,27,280931.58,2,1,2,212,At Risk
C01309,32,30,333233.24,2,2,4,224,At Risk
C01310,26,33,203922.07,2,2,1,221,At Risk
C01311,35,24,191303.45,1,1,1,111,At Risk
C01312,1,30,292108.86,5,2,3,523,New
C01313,19,28,244588.11000000002,3,1,2,312,Regular
C01314,10,44,399214.93,4,5,5,455,Champions
C01315,2,36,324376.88,5,3,3,533,Loyal
C01316,12,31,294438.71,3,2,3,323,Regular
C01317,70,35,328211.27,1,3,3,133,Regular
C01318,2,40,261061.31,5,5,2,552,Loyal
C01319,54,36,239240.72,1,3,1,131,Regular
C01320,28,26,215828.12,2,1,1,211,At Risk
C01321,22,43,420627.04,2,5,5,255,Regular
C01322,7,42,356880.76999999996,4,5,4,454,Champions
C01323,14,40,417372.55,3,5,5,355,Loyal
C01324,4,39,366409.55,5,4,4,544,Champions
C01325,3,39,458340.67,5,4,5,545,Champions
C01326,22,32,384188.74,2,2,4,224,At Risk
C01327,46,42,435960.0,1,5,5,155,Regular
C01328,2,31,239696.97,5,2,1,521,New
C01329,6,41,571940.38,4,5,5,455,Champions
C01330,11,30,286897.46,4,2,2,422,New
C01331,3,30,326851.95,5,2,3,523,New
C01332,21,43,469077.26,2,5,5,255,Regular
C01333,1,38,286271.42,5,4,2,542,Loyal
C01334,7,34,223968.0,4,3,1,431,Loyal
C01335,8,40,423581.44,4,5,5,455,Champions
C01336,3,37,330106.06,5,4,3,543,Loyal
C01337,21,36,450926.8,2,3,5,235,Regular
C01338,37,30,172086.14,1,2,1,121,At Risk
C01339,22,42,431622.3,2,5,5,255,Regular
C01340,6,37,329077.52,4,4,3,443,Loyal
C01341,10,33,211573.29,4,2,1,421,New
C01342,45,37,434165.8,1,4,5,145,Regular
C01343,2,37,404682.39,5,4,5,545,Champions
C01344,2,47,447438.35,5,5,5,555,Champions
C01345,22,33,207598.49,2,2,1,221,At Risk
C01346,30,45,389380.68,2,5,4,254,Regular
C01347,39,29,214044.62,1,1,1,111,At Risk
C01348,20,35,268856.76,2,3,2,232,Regular
C01349,14,38,331955.7,3,4,3,343,Loyal
C01350,38,33,234470.61,1,2,1,121,At Risk
C01351,19,29,300993.25,3,1,3,313,Regular
C01352,9,47,287377.92,4,5,2,452,Loyal
C01353,39,30,432963.07,1,2,5,125,At Risk
C01354,16,39,291434.94,3,4,2,342,Loyal
C01355,9,46,616040.8099999999,4,5,5,455,Champions
C01356,31,36,420341.27999999997,2,3,5,235,Regular
C01357,10,34,371189.39,4,3,4,434,Loyal
C01358,74,32,214932.08000000002,1,2,1,121,At Risk
C01359,4,42,470203.48,5,5,5,555,Champions
C01360,7,25,224906.02000000002,4,1,1,411,New
C01361,39,35,193267.9,1,3,1,131,Regular
C01362,37,48,352095.51,1,5,4,154,Regular
C01363,1,36,278238.27,5,3,2,532,Loyal
C01364,9,35,321274.65,4,3,3,433,Loyal
C01365,9,38,463848.51,4,4,5,445,Champions
C01366,18,36,299593.85,3,3,3,333,Loyal
C01367,60,36,440911.6,1,3,5,135,Regular
C01368,10,34,310256.2,4,3,3,433,Loyal
C01369,1,44,284233.65,5,5,2,552,Loyal
C01370,24,36,373581.67,2,3,4,234,Regular
C01371,3,34,273240.36,5,3,2,532,Loyal
C01372,14,29,226741.61000000002,3,1,1,311,Regular
C01373,17,42,299535.06,3,5,3,353,Loyal
C01374,31,32,224482.45,2,2,1,221,At Risk
C01375,40,29,121604.07999999999,1,1,1,111,At Risk
C01376,2,37,381415.53,5,4,4,544,Champions
C01377,44,33,365922.73,1,2,4,124,At Risk
C01378,1,33,256147.25,5,2,2,522,New
C01379,26,27,215536.85,2,1,1,211,At Risk
C01380,15,37,389323.05,3,4,4,344,Loyal
C01381,23,33,214737.51,2,2,1,221,At Risk
C01382,1,35,247933.91,5,3,2,532,Loyal
C01383,6,26,232721.34,4,1,1,411,New
C01384,29,34,255756.21,2,3,2,232,Regular
C01385,38,43,304173.49,1,5,3,153,Regular
C01386,16,30,259855.06,3,2,2,322,Regular
C01387,42,33,315842.11,1,2,3,123,At Risk
C01388,3,42,318682.95,5,5,3,553,Loyal
C01389,6,34,359689.24,4,3,4,434,Loyal
C01390,5,38,267102.37,5,4,2,542,Loyal
C01391,22,34,269985.17,2,3,2,232,Regular
C01392,13,39,347617.75,3,4,4,344,Loyal
C01393,1,43,398211.62,5,5,5,555,Champions
C01394,23,32,343379.33999999997,2,2,4,224,At Risk
C01395,12,37,341939.27,3,4,4,344,Loyal
C01396,35,32,228583.97,1,2,1,121,At Risk
C01397,11,42,327427.66,4,5,3,453,Loyal
C01398,24,33,328931.79,2,2,3,223,At Risk
C01399,13,42,270914.38,3,5,2,352,Loyal
C01400,26,31,230793.08,2,2,1,221,At Risk
C01401,21,36,380449.15,2,3,4,234,Regular
C01402,7,37,396014.97000000003,4,4,5,445,Champions
C01403,19,38,361873.04000000004,3,4,4,344,Loyal
C01404,28,44,411786.35,2,5,5,255,Regular
C01405,10,32,223830.28,4,2,1,421,New
C01406,30,40,476765.05,2,5,5,255,Regular
C01407,20,43,307422.3,2,5,3,253,Regular
C01408,24,42,321733.68,2,5,3,253,Regular
C01409,24,26,235135.65,2,1,1,211,At Risk
C01410,26,38,238961.71,2,4,1,241,Regular
C01411,6,32,215591.58,4,2,1,421,New
C01412,76,32,264237.97,1,2,2,122,At Risk
C01413,1,35,329144.63,5,3,3,533,Loyal
C01414,60,38,271887.52,1,4,2,142,Regular
C01415,38,34,196127.97,1,3,1,131,Regular
C01416,4,30,247115.34,5,2,2,522,New
C01417,7,39,357434.43,4,4,4,444,Champions
C01418,23,25,126667.40000000001,2,1,1,211,At Risk
C01419,10,39,263673.13,4,4,2,442,Loyal
C01420,15,38,273005.87,3,4,2,342,Loyal
C01421,24,39,462950.0,2,4,5,245,Regular
C01422,15,36,434061.16000000003,3,3,5,335,Loyal
C01423,24,31,378111.95,2,2,4,224,At Risk
C01424,34,23,162247.53,2,1,1,211,At Risk
C01425,21,38,393462.72000000003,2,4,5,245,Regular
C01426,14,41,410422.14,3,5,5,355,Loyal
C01427,47,31,384820.33999999997,1,2,4,124,At Risk
C01428,9,34,308477.48,4,3,3,433,Loyal
C01429,12,42,332132.16,3,5,3,353,Loyal
C01430,4,33,320701.26,5,2,3,523,New
C01431,39,31,304760.65,1,2,3,123,At Risk
C01432,3,37,339227.6,5,4,4,544,Champions
C01433,3,48,378975.81,5,5,4,554,Champions
C01434,53,32,384356.63,1,2,4,124,At Risk
C01435,63,29,332894.55,1,1,4,114,At Risk
C01436,41,37,323284.36,1,4,3,143,Regular
C01437,3,33,247636.46,5,2,2,522,New
C01438,46,33,348886.47,1,2,4,124,At Risk
C01439,3,30,306446.14999999997,5,2,3,523,New
C01440,61,26,198176.77,1,1,1,111,At Risk
C01441,96,22,176334.28,1,1,1,111,At Risk
C01442,3,42,412131.69,5,5,5,555,Champions
C01443,8,31,182737.3,4,2,1,421,New
C01444,2,33,309490.32,5,2,3,523,New
C01445,13,35,222469.01,3,3,1,331,Loyal
C01446,30,37,270163.1,2,4,2,242,Regular
C01447,22,34,247026.46,2,3,2,232,Regular
C01448,57,35,272728.8,1,3,2,132,Regular
C01449,1,40,426072.32999999996,5,5,5,555,Champions
C01450,8,35,328066.55,4,3,3,433,Loyal
C01451,65,29,215818.15,1,1,1,111,At Risk
C01452,52,22,176004.09,1,1,1,111,At Risk
C01453,48,31,164737.04,1,2,1,121,At Risk
C01454,18,38,420097.16,3,4,5,345,Loyal
C01455,5,44,497460.43,5,5,5,555,Champions
C01456,30,35,375957.65,2,3,4,234,Regular
C01457,32,25,122544.07,2,1,1,211,At Risk
C01458,5,32,228056.49,5,2,1,521,New
C01459,32,31,308272.11,2,2,3,223,At Risk
C01460,23,37,429428.43,2,4,5,245,Regular
C01461,43,37,406144.45999999996,1,4,5,145,Regular
C01462,38,36,412511.76,1,3,5,135,Regular
C01463,52,38,494941.2,1,4,5,145,Regular
C01464,23,40,309046.31,2,5,3,253,Regular
C01465,52,36,266381.95,1,3,2,132,Regular
C01466,1,30,264461.33,5,2,2,522,New
C01467,35,33,336160.31,1,2,4,124,At Risk
C01468,36,32,238524.45,1,2,1,121,At Risk
C01469,24,48,584416.81,2,5,5,255,Regular
C01470,13,40,326687.35,3,5,3,353,Loyal
C01471,7,49,497986.1,4,5,5,455,Champions
C01472,11,30,328640.23,4,2,3,423,New
C01473,6,35,341880.67,4,3,4,434,Loyal
C01474,15,25,235104.32,3,1,1,311,Regular
C01475,11,41,497322.89,4,5,5,455,Champions
C01476,3,39,319925.89,5,4,3,543,Loyal
C01477,7,37,399454.01,4,4,5,445,Champions
C01478,5,49,324076.73,5,5,3,553,Loyal
C01479,5,31,336763.77,5,2,4,524,New
C01480,52,33,367019.01,1,2,4,124,At Risk
C01481,68,40,463366.72000000003,1,5,5,155,Regular
C01482,20,39,399494.25,2,4,5,245,Regular
C01483,15,26,172369.16999999998,3,1,1,311,Regular
C01484,14,26,218325.46,3,1,1,311,Regular
C01485,9,40,355667.83,4,5,4,454,Champions
C01486,2,30,177993.78,5,2,1,521,New
C01487,23,45,398282.2,2,5,5,255,Regular
C01488,62,36,234804.61,1,3,1,131,Regular
C01489,17,44,338067.52,3,5,4,354,Loyal
C01490,12,33,300711.19,3,2,3,323,Regular
C01491,2,44,372327.12,5,5,4,554,Champions
C01492,154,33,338655.52999999997,1,2,4,124,At Risk
C01493,86,36,207045.93,1,3,1,131,Regular
C01494,16,27,193702.1,3,1,1,311,Regular
C01495,9,20,218454.91,4,1,1,411,New
C01496,37,36,370685.73000000004,1,3,4,134,Regular
C01497,20,33,327935.56,2,2,3,223,At Risk
C01498,31,32,296490.35,2,2,3,223,At Risk
C01499,37,36,300919.84,1,3,3,133,Regular
C01500,32,39,332811.7,2,4,4,244,Regular
C01501,10,34,278952.71,4,3,2,432,Loyal
C01502,13,34,251775.03,3,3,2,332,Loyal
C01503,22,50,546439.79,2,5,5,255,Regular
C01504,4,34,281727.48,5,3,2,532,Loyal
C01505,17,33,215496.68,3,2,1,321,Regular
C01506,12,41,327052.61,3,5,3,353,Loyal
C01507,4,24,124097.26,5,1,1,511,New
C01508,58,31,300802.72000000003,1,2,3,123,At Risk
C01509,1,36,365502.79,5,3,4,534,Loyal
C01510,10,38,320731.31,4,4,3,443,Loyal
C01511,21,36,393674.3,2,3,5,235,Regular
C01512,74,34,256774.26,1,3,2,132,Regular
C01513,2,29,284142.49,5,1,2,512,New
C01514,16,44,459250.41000000003,3,5,5,355,Loyal
C01515,2,48,331328.08,5,5,3,553,Loyal
C01516,1,38,451012.73,5,4,5,545,Champions
C01517,36,33,233836.29,1,2,1,121,At Risk
C01518,21,34,285674.83,2,3,2,232,Regular
C01519,13,36,283632.8,3,3,2,332,Loyal
C01520,11,46,479068.98,4,5,5,455,Champions
C01521,32,40,412585.49,2,5,5,255,Regular
C01522,27,31,270769.09,2,2,2,222,At Risk
C01523,7,34,332931.21,4,3,4,434,Loyal
C01524,30,36,439289.74,2,3,5,235,Regular
C01525,7,28,324953.45,4,1,3,413,New
C01526,28,39,474870.23,2,4,5,245,Regular
C01527,14,37,186155.39,3,4,1,341,Loyal
C01528,18,40,324431.53,3,5,3,353,Loyal
C01529,11,35,258855.09,4,3,2,432,Loyal
C01530,10,50,535627.99,4,5,5,455,Champions
C01531,13,38,324702.22,3,4,3,343,Loyal
C01532,1,40,386082.12,5,5,4,554,Champions
C01533,6,42,420133.5,4,5,5,455,Champions
C01534,23,35,378125.73000000004,2,3,4,234,Regular
C01535,33,21,203936.09,2,1,1,211,At Risk
C01536,7,35,269772.92,4,3,2,432,Loyal
C01537,2,45,569208.99,5,5,5,555,Champions
C01538,37,34,295760.76,1,3,3,133,Regular
C01539,5,36,312770.62,5,3,3,533,Loyal
C01540,21,22,235369.29,2,1,1,211,At Risk
C01541,2,34,311750.72,5,3,3,533,Loyal
C01542,23,29,292125.0,2,1,3,213,At Risk
C01543,10,35,259901.15,4,3,2,432,Loyal
C01544,59,28,204661.36,1,1,1,111,At Risk
C01545,19,42,431297.91000000003,3,5,5,355,Loyal
C01546,20,32,365690.24,2,2,4,224,At Risk
C01547,46,33,364907.99,1,2,4,124,At Risk
C01548,2,46,291611.9,5,5,3,553,Loyal
C01549,15,23,152213.16,3,1,1,311,Regular
C01550,44,40,239421.66,1,5,1,151,Regular
C01551,10,36,483958.08,4,3,5,435,Loyal
C01552,2,29,154088.27,5,1,1,511,New
C01553,8,35,280037.33,4,3,2,432,Loyal
C01554,30,28,305946.99,2,1,3,213,At Risk
C01555,50,26,287899.39,1,1,2,112,At Risk
C01556,10,30,302177.11,4,2,3,423,New
C01557,58,39,384260.86,1,4,4,144,Regular
C01558,11,26,182353.84,4,1,1,411,New
C01559,42,30,215809.09,1,2,1,121,At Risk
C01560,3,36,272549.95,5,3,2,532,Loyal
C01561,82,24,225176.72,1,1,1,111,At Risk
C01562,6,25,303782.86,4,1,3,413,New
C01563,17,35,266854.16,3,3,2,332,Loyal
C01564,27,31,207231.36,2,2,1,221,At Risk
C01565,1,35,320178.16,5,3,3,533,Loyal
C01566,20,41,402926.5,2,5,5,255,Regular
C01567,1,32,297956.4,5,2,3,523,New
C01568,1,32,313280.69,5,2,3,523,New
C01569,5,33,333199.49,5,2,4,524,New
C01570,38,27,309424.76,1,1,3,113,At Risk
C01571,7,31,379312.23,4,2,4,424,New
C01572,9,39,323333.41000000003,4,4,3,443,Loyal
C01573,33,32,318015.82,2,2,3,223,At Risk
C01574,12,37,491746.05,3,4,5,345,Loyal
C01575,3,43,373357.61,5,5,4,554,Champions
C01576,97,25,222680.35,1,1,1,111,At Risk
C01577,11,33,323366.07,4,2,3,423,New
C01578,20,31,258962.3,2,2,2,222,At Risk
C01579,25,23,82037.86,2,1,1,211,At Risk
C01580,36,29,280916.89,1,1,2,112,At Risk
C01581,2,39,332342.84,5,4,3,543,Loyal
C01582,2,29,262254.56,5,1,2,512,New
C01583,6,46,547043.27,4,5,5,455,Champions
C01584,89,35,293167.43,1,3,3,133,Regular
C01585,27,34,392792.16,2,3,5,235,Regular
C01586,22,36,363551.33,2,3,4,234,Regular
C01587,17,40,335518.06,3,5,4,354,Loyal
C01588,7,43,253236.5,4,5,2,452,Loyal
C01589,3,46,561040.57,5,5,5,555,Champions
C01590,35,34,400569.57,1,3,5,135,Regular
C01591,47,36,358044.0,1,3,4,134,Regular
C01592,41,42,475712.04,1,5,5,155,Regular
C01593,1,35,279402.95,5,3,2,532,Loyal
C01594,7,27,174551.84999999998,4,1,1,411,New
C01595,26,34,439007.72000000003,2,3,5,235,Regular
C01596,71,30,199483.99000000002,1,2,1,121,At Risk
C01597,10,24,221900.03,4,1,1,411,New
C01598,20,34,379728.98,2,3,4,234,Regular
C01599,17,36,285475.0,3,3,2,332,Loyal
C01600,23,36,348792.23,2,3,4,234,Regular
C01601,6,37,363640.61,4,4,4,444,Champions
C01602,45,38,276607.2,1,4,2,142,Regular
C01603,10,40,404758.87,4,5,5,455,Champions
C01604,7,42,472083.97,4,5,5,455,Champions
C01605,13,35,274943.14,3,3,2,332,Loyal
C01606,5,30,249346.74,5,2,2,522,New
C01607,10,35,362187.45,4,3,4,434,Loyal
C01608,11,37,262125.5,4,4,2,442,Loyal
C01609,33,40,353839.51,2,5,4,254,Regular
C01610,15,36,340190.55,3,3,4,334,Loyal
C01611,2,43,283074.66,5,5,2,552,Loyal
C01612,98,37,388352.95,1,4,4,144,Regular
C01613,13,34,389619.7,3,3,4,334,Loyal
C01614,37,31,375683.41000000003,1,2,4,124,At Risk
C01615,13,26,137759.29,3,1,1,311,Regular
C01616,10,36,278375.85,4,3,2,432,Loyal
C01617,69,36,294876.33,1,3,3,133,Regular
C01618,58,33,277778.79,1,2,2,122,At Risk
C01619,5,40,263368.45,5,5,2,552,Loyal
C01620,5,28,287897.77,5,1,2,512,New
C01621,32,30,249736.25,2,2,2,222,At Risk
C01622,3,35,287203.96,5,3,2,532,Loyal
C01623,24,25,225580.91,2,1,1,211,At Risk
C01624,3,33,351833.74,5,2,4,524,New
C01625,33,36,478743.15,2,3,5,235,Regular
C01626,5,33,281819.8,5,2,2,522,New
C01627,13,38,432812.56,3,4,5,345,Loyal
C01628,4,40,370786.51,5,5,4,554,Champions
C01629,7,29,316550.16,4,1,3,413,New
C01630,18,43,519744.39,3,5,5,355,Loyal
C01631,63,39,371560.02,1,4,4,144,Regular
C01632,3,19,143198.93,5,1,1,511,New
C01633,1,30,170201.88,5,2,1,521,New
C01634,21,46,334707.88,2,5,4,254,Regular
C01635,6,42,397967.96,4,5,5,455,Champions
C01636,16,43,442961.72,3,5,5,355,Loyal
C01637,8,29,148047.83,4,1,1,411,New
C01638,15,50,383202.66,3,5,4,354,Loyal
C01639,19,42,252619.16,3,5,2,352,Loyal
C01640,12,36,311501.58,3,3,3,333,Loyal
C01641,40,38,279689.49,1,4,2,142,Regular
C01642,19,31,399677.04,3,2,5,325,Regular
C01643,4,33,199578.15,5,2,1,521,New
C01644,31,43,331677.13,2,5,3,253,Regular
C01645,13,36,305232.82,3,3,3,333,Loyal
C01646,21,39,272580.33,2,4,2,242,Regular
C01647,45,31,286851.25,1,2,2,122,At Risk
C01648,17,28,216390.87,3,1,1,311,Regular
C01649,13,34,231447.87,3,3,1,331,Loyal
C01650,2,33,335878.23,5,2,4,524,New
C01651,5,35,317180.68,5,3,3,533,Loyal
C01652,1,32,268334.23,5,2,2,522,New
C01653,13,39,401592.72,3,4,5,345,Loyal
C01654,15,36,403926.17,3,3,5,335,Loyal
C01655,4,39,362421.72,5,4,4,544,Champions
C01656,7,41,288043.96,4,5,2,452,Loyal
C01657,1,42,463955.6,5,5,5,555,Champions
C01658,85,33,315697.43,1,2,3,123,At Risk
C01659,11,33,239370.74,4,2,1,421,New
C01660,13,46,353280.47,3,5,4,354,Loyal
C01661,7,31,440251.44,4,2,5,425,New
C01662,10,39,219763.44,4,4,1,441,Loyal
C01663,35,29,222448.87,1,1,1,111,At Risk
C01664,22,24,261434.58000000002,2,1,2,212,At Risk
C01665,40,33,231151.61000000002,1,2,1,121,At Risk
C01666,18,38,227042.44,3,4,1,341,Loyal
C01667,27,45,588871.98,2,5,5,255,Regular
C01668,19,32,281730.87,3,2,2,322,Regular
C01669,15,35,381650.31,3,3,4,334,Loyal
C01670,12,36,258840.17,3,3,2,332,Loyal
C01671,20,35,309859.38,2,3,3,233,Regular
C01672,84,38,384820.60000000003,1,4,4,144,Regular
C01673,9,35,459659.36,4,3,5,435,Loyal
C01674,13,23,287555.14,3,1,2,312,Regular
C01675,7,43,341745.94,4,5,4,454,Champions
C01676,4,30,238216.07,5,2,1,521,New
C01677,10,25,256271.62,4,1,2,412,New
C01678,7,46,404854.82,4,5,5,455,Champions
C01679,14,23,192181.63,3,1,1,311,Regular
C01680,1,44,410632.98,5,5,5,555,Champions
C01681,9,39,361221.46,4,4,4,444,Champions
C01682,28,42,372982.8,2,5,4,254,Regular
C01683,19,33,354073.1,3,2,4,324,Regular
C01684,10,37,356188.26,4,4,4,444,Champions
C01685,80,35,345288.58999999997,1,3,4,134,Regular
C01686,9,42,478231.81,4,5,5,455,Champions
C01687,11,22,118123.67,4,1,1,411,New
C01688,41,28,214854.92,1,1,1,111,At Risk
C01689,52,41,441697.31,1,5,5,155,Regular
C01690,1,34,263902.54,5,3,2,532,Loyal
C01691,23,43,411503.05000000005,2,5,5,255,Regular
C01692,6,34,384753.76,4,3,4,434,Loyal
C01693,14,46,370908.57,3,5,4,354,Loyal
C01694,12,32,231941.96,3,2,1,321,Regular
C01695,4,45,467962.36,5,5,5,555,Champions
C01696,45,29,190576.41,1,1,1,111,At Risk
C01697,15,39,283292.43,3,4,2,342,Loyal
C01698,9,44,544985.63,4,5,5,455,Champions
C01699,1,41,281866.61,5,5,2,552,Loyal
C01700,13,44,239137.5,3,5,1,351,Loyal
C01701,20,42,406331.06,2,5,5,255,Regular
C01702,13,35,258385.77,3,3,2,332,Loyal
C01703,72,23,258034.63,1,1,2,112,At Risk
C01704,8,40,352327.02,4,5,4,454,Champions
C01705,7,37,267482.92,4,4,2,442,Loyal
C01706,22,39,381502.92,2,4,4,244,Regular
C01707,37,47,368291.55,1,5,4,154,Regular
C01708,5,30,149509.55,5,2,1,521,New
C01709,22,35,296948.73,2,3,3,233,Regular
C01710,11,32,331789.73,4,2,3,423,New
C01711,2,38,284476.25,5,4,2,542,Loyal
C01712,6,43,348138.35000000003,4,5,4,454,Champions
C01713,12,37,357808.77,3,4,4,344,Loyal
C01714,50,37,334306.8,1,4,4,144,Regular
C01715,8,40,389978.08,4,5,5,455,Champions
C01716,34,32,227400.56,2,2,1,221,At Risk
C01717,24,36,261124.73,2,3,2,232,Regular
C01718,56,29,332885.91000000003,1,1,4,114,At Risk
C01719,41,39,293698.52,1,4,3,143,Regular
C01720,17,46,481357.41000000003,3,5,5,355,Loyal
C01721,9,27,204942.88999999998,4,1,1,411,New
C01722,21,35,291185.0,2,3,2,232,Regular
C01723,16,40,362959.3,3,5,4,354,Loyal
C01724,34,39,330945.68,2,4,3,243,Regular
C01725,30,34,387437.79000000004,2,3,4,234,Regular
C01726,5,31,257544.62,5,2,2,522,New
C01727,8,35,378030.85,4,3,4,434,Loyal
C01728,11,37,412919.06,4,4,5,445,Champions
C01729,6,35,310242.7,4,3,3,433,Loyal
C01730,3,36,296124.93,5,3,3,533,Loyal
C01731,11,34,340950.32999999996,4,3,4,434,Loyal
C01732,18,36,288323.56,3,3,2,332,Loyal
C01733,4,41,373624.48,5,5,4,554,Champions
C01734,77,34,256805.09,1,3,2,132,Regular
C01735,3,36,352285.66,5,3,4,534,Loyal
C01736,44,39,293255.08,1,4,3,143,Regular
C01737,3,38,371915.83,5,4,4,544,Champions
C01738,21,38,457449.55,2,4,5,245,Regular
C01739,45,25,183175.7,1,1,1,111,At Risk
C01740,29,43,213075.71,2,5,1,251,Regular
C01741,5,50,434897.5,5,5,5,555,Champions
C01742,1,35,304364.85,5,3,3,533,Loyal
C01743,19,23,278382.33,3,1,2,312,Regular
C01744,12,31,234195.87,3,2,1,321,Regular
C01745,17,38,301951.83,3,4,3,343,Loyal
C01746,19,37,294187.21,3,4,3,343,Loyal
C01747,7,41,394817.06,4,5,5,455,Champions
C01748,31,38,440817.82,2,4,5,245,Regular
C01749,32,42,366697.95,2,5,4,254,Regular
C01750,11,36,360106.31,4,3,4,434,Loyal
C01751,11,40,308967.34,4,5,3,453,Loyal
C01752,5,38,438089.14,5,4,5,545,Champions
C01753,5,34,237032.8,5,3,1,531,Loyal
C01754,30,33,307231.29000000004,2,2,3,223,At Risk
C01755,4,31,270349.75,5,2,2,522,New
C01756,18,37,372187.94,3,4,4,344,Loyal
C01757,41,29,263167.74,1,1,2,112,At Risk
C01758,14,34,230123.1,3,3,1,331,Loyal
C01759,10,32,249978.21,4,2,2,422,New
C01760,5,36,354599.22000000003,5,3,4,534,Loyal
C01761,4,48,484415.37,5,5,5,555,Champions
C01762,7,42,378959.0,4,5,4,454,Champions
C01763,20,23,199442.44,2,1,1,211,At Risk
C01764,5,26,191071.37,5,1,1,511,New
C01765,17,32,313339.3,3,2,3,323,Regular
C01766,9,26,230849.07,4,1,1,411,New
C01767,20,37,346959.66,2,4,4,244,Regular
C01768,14,40,352790.84,3,5,4,354,Loyal
C01769,4,39,422693.33,5,4,5,545,Champions
C01770,20,39,414274.74,2,4,5,245,Regular
C01771,36,37,284861.41,1,4,2,142,Regular
C01772,8,31,288753.28,4,2,2,422,New
C01773,9,34,252941.5,4,3,2,432,Loyal
C01774,58,34,299838.84,1,3,3,133,Regular
C01775,34,33,349281.54,2,2,4,224,At Risk
C01776,3,32,360090.98,5,2,4,524,New
C01777,11,32,368767.2,4,2,4,424,New
C01778,7,36,291264.27,4,3,2,432,Loyal
C01779,29,36,328463.0,2,3,3,233,Regular
C01780,34,23,188280.55000000002,2,1,1,211,At Risk
C01781,5,33,306416.55,5,2,3,523,New
C01782,8,39,272118.18,4,4,2,442,Loyal
C01783,3,43,415620.39,5,5,5,555,Champions
C01784,8,31,258253.05,4,2,2,422,New
C01785,43,43,354951.18,1,5,4,154,Regular
C01786,25,29,166670.37,2,1,1,211,At Risk
C01787,19,37,306188.87,3,4,3,343,Loyal
C01788,27,36,340987.68,2,4,4,244,Regular
C01789,16,37,348068.42,3,4,4,344,Loyal
C01790,39,43,468938.4,1,5,5,155,Regular
C01791,6,49,351836.3,4,5,4,454,Champions
C01792,6,45,464471.52999999997,4,5,5,455,Champions
C01793,1,45,366189.28,5,5,4,554,Champions
C01794,13,31,285526.99,3,2,2,322,Regular
C01795,1,25,221734.85,5,1,1,511,New
C01796,17,38,371239.45,3,4,4,344,Loyal
C01797,13,33,406559.94,3,2,5,325,Regular
C01798,3,36,329890.09,5,4,3,543,Loyal
C01799,59,34,228641.65,1,3,1,131,Regular
C01800,1,31,331681.3,5,2,3,523,New
C01801,26,29,206995.87,2,1,1,211,At Risk
C01802,14,37,272738.11,3,4,2,342,Loyal
C01803,1,36,357004.66,5,4,4,544,Champions
C01804,17,41,440861.73,3,5,5,355,Loyal
C01805,7,35,291582.12,4,3,3,433,Loyal
C01806,5,33,259212.43,5,2,2,522,New
C01807,14,36,274735.78,3,4,2,342,Loyal
C01808,7,32,224861.79,4,2,1,421,New
C01809,6,43,431274.54,4,5,5,455,Champions
C01810,13,35,336346.56,3,3,4,334,Loyal
C01811,7,33,184413.17,4,2,1,421,New
C01812,13,47,263047.71,3,5,2,352,Loyal
C01813,21,35,232708.04,2,3,1,231,Regular
C01814,46,36,331833.47,1,4,3,143,Regular
C01815,47,24,201257.24,1,1,1,111,At Risk
C01816,58,30,371244.41,1,2,4,124,At Risk
C01817,1,32,325155.20999999996,5,2,3,523,New
C01818,5,35,239470.07,5,3,1,531,Loyal
C01819,5,35,168946.5,5,3,1,531,Loyal
C01820,12,37,340010.75,3,4,4,344,Loyal
C01821,46,37,182954.06,1,4,1,141,Regular
C01822,10,46,424426.43,4,5,5,455,Champions
C01823,35,33,271796.74,1,2,2,122,At Risk
C01824,19,37,370259.07,3,4,4,344,Loyal
C01825,29,33,330661.5,2,2,3,223,At Risk
C01826,37,44,408029.71,1,5,5,155,Regular
C01827,1,42,482563.56,5,5,5,555,Champions
C01828,7,36,284529.63,4,4,2,442,Loyal
C01829,19,38,259878.73,3,4,2,342,Loyal
C01830,1,50,491727.39,5,5,5,555,Champions
C01831,24,34,317679.39,2,3,3,233,Regular
C01832,17,47,442829.72,3,5,5,355,Loyal
C01833,9,38,316559.82,4,4,3,443,Loyal
C01834,12,39,408510.63,3,4,5,345,Loyal
C01835,21,29,237289.29,2,1,1,211,At Risk
C01836,56,30,300233.44,1,2,3,123,At Risk
C01837,30,30,177040.49,2,2,1,221,At Risk
C01838,23,38,233260.3,2,4,1,241,Regular
C01839,1,42,444082.07,5,5,5,555,Champions
C01840,31,29,310521.5,2,1,3,213,At Risk
C01841,7,23,234003.52,4,1,1,411,New
C01842,27,24,242425.51,2,1,1,211,At Risk
C01843,29,42,307571.87,2,5,3,253,Regular
C01844,5,35,443018.37,5,3,5,535,Loyal
C01845,12,36,419829.60000000003,3,4,5,345,Loyal
C01846,6,40,298146.92,4,5,3,453,Loyal
C01847,14,47,303817.03,3,5,3,353,Loyal
C01848,31,28,319890.71,2,1,3,213,At Risk
C01849,7,29,260816.96,4,1,2,412,New
C01850,6,48,481934.77,4,5,5,455,Champions
C01851,50,41,449025.85,1,5,5,155,Regular
C01852,17,39,404299.55,3,4,5,345,Loyal
C01853,2,48,394206.8,5,5,5,555,Champions
C01854,37,37,312222.78,1,4,3,143,Regular
C01855,1,23,212887.6,5,1,1,511,New
C01856,1,40,406079.04,5,5,5,555,Champions
C01857,4,41,347621.04,5,5,4,554,Champions
C01858,20,38,203346.91,2,4,1,241,Regular
C01859,19,29,300942.07,3,1,3,313,Regular
C01860,11,29,229941.36000000002,4,1,1,411,New
C01861,38,32,249613.86000000002,1,2,2,122,At Risk
C01862,15,29,345207.92,3,1,4,314,Regular
C01863,15,32,366243.51,3,2,4,324,Regular
C01864,19,33,207242.56,3,2,1,321,Regular
C01865,2,37,365382.2,5,4,4,544,Champions
C01866,13,47,468366.85,3,5,5,355,Loyal
C01867,3,28,209452.81,5,1,1,511,New
C01868,1,40,286502.23,5,5,2,552,Loyal
C01869,24,48,484720.78,2,5,5,255,Regular
C01870,24,30,213606.6,2,2,1,221,At Risk
C01871,13,34,386779.44,3,3,4,334,Loyal
C01872,8,33,256987.41,4,2,2,422,New
C01873,5,43,494382.21,5,5,5,555,Champions
C01874,2,32,251048.25,5,2,2,522,New
C01875,18,34,294992.44,3,3,3,333,Loyal
C01876,23,36,395132.95,2,4,5,245,Regular
C01877,24,46,318287.83,2,5,3,253,Regular
C01878,26,35,239962.76,2,3,1,231,Regular
C01879,16,37,289484.71,3,4,2,342,Loyal
C01880,21,40,231925.32,2,5,1,251,Regular
C01881,7,35,339279.45,4,3,4,434,Loyal
C01882,49,30,446684.23,1,2,5,125,At Risk
C01883,11,36,306182.98,4,4,3,443,Loyal
C01884,5,32,338479.64,5,2,4,524,New
C01885,24,40,426082.54,2,5,5,255,Regular
C01886,23,41,431518.69,2,5,5,255,Regular
C01887,18,36,260190.19999999998,3,4,2,342,Loyal
C01888,1,35,254820.85,5,3,2,532,Loyal
C01889,5,34,199996.78,5,3,1,531,Loyal
C01890,1,34,438892.2,5,3,5,535,Loyal
C01891,38,28,262377.67,1,1,2,112,At Risk
C01892,44,33,260161.93,1,2,2,122,At Risk
C01893,25,31,304941.15,2,2,3,223,At Risk
C01894,24,38,364800.84,2,4,4,244,Regular
C01895,9,33,304393.77,4,2,3,423,New
C01896,5,31,223021.61000000002,5,2,1,521,New
C01897,54,43,542398.28,1,5,5,155,Regular
C01898,14,38,398750.54,3,4,5,345,Loyal
C01899,31,34,299948.45999999996,2,3,3,233,Regular
C01900,29,37,377372.43,2,4,4,244,Regular
C01901,1,40,497823.37,5,5,5,555,Champions
C01902,28,36,286127.85,2,4,2,242,Regular
C01903,6,36,370780.47000000003,4,4,4,444,Champions
C01904,38,35,292867.73,1,3,3,133,Regular
C01905,34,33,282134.1,2,2,2,222,At Risk
C01906,8,37,350756.31,4,4,4,444,Champions
C01907,3,32,375389.51,5,2,4,524,New
C01908,8,24,241801.63,4,1,1,411,New
C01909,7,35,298648.04000000004,4,3,3,433,Loyal
C01910,30,36,471724.82,2,4,5,245,Regular
C01911,20,34,414000.59,2,3,5,235,Regular
C01912,8,42,334656.3,4,5,4,454,Champions
C01913,74,25,163949.0,1,1,1,111,At Risk
C01914,49,30,295670.08999999997,1,2,3,123,At Risk
C01915,5,41,282987.64,5,5,2,552,Loyal
C01916,6,34,357379.13,4,3,4,434,Loyal
C01917,10,34,331101.72000000003,4,3,3,433,Loyal
C01918,12,32,193670.62,3,2,1,321,Regular
C01919,7,27,258252.0,4,1,2,412,New
C01920,16,43,438123.76,3,5,5,355,Loyal
C01921,23,39,340357.95,2,4,4,244,Regular
C01922,1,35,332736.53,5,3,4,534,Loyal
C01923,30,42,428461.59,2,5,5,255,Regular
C01924,49,34,216381.56,1,3,1,131,Regular
C01925,2,42,401480.5,5,5,5,555,Champions
C01926,7,33,283012.27,4,2,2,422,New
C01927,11,37,265948.62,4,4,2,442,Loyal
C01928,6,40,451655.46,4,5,5,455,Champions
C01929,46,23,125582.06,1,1,1,111,At Risk
C01930,11,35,329105.06,4,3,3,433,Loyal
C01931,4,28,157180.59,5,1,1,511,New
C01932,21,32,257641.68,2,2,2,222,At Risk
C01933,5,28,232128.40000000002,5,1,1,511,New
C01934,8,31,252656.77000000002,4,2,2,422,New
C01935,18,36,397140.13,3,4,5,345,Loyal
C01936,13,39,310793.06,3,4,3,343,Loyal
C01937,61,32,320438.0,1,2,3,123,At Risk
C01938,46,33,308868.94,1,2,3,123,At Risk
C01939,10,39,404536.89,4,4,5,445,Champions
C01940,9,31,180817.26,4,2,1,421,New
C01941,16,35,268721.84,3,3,2,332,Loyal
C01942,15,33,419279.85000000003,3,2,5,325,Regular
C01943,4,35,401204.6,5,3,5,535,Loyal
C01944,33,31,218348.32,2,2,1,221,At Risk
C01945,25,43,403406.13,2,5,5,255,Regular
C01946,11,31,222915.41,4,2,1,421,New
C01947,4,33,300130.86,5,2,3,523,New
C01948,4,39,293873.36,5,4,3,543,Loyal
C01949,7,35,319040.81,4,3,3,433,Loyal
C01950,6,43,378853.54,4,5,4,454,Champions
C01951,1,40,460659.45999999996,5,5,5,555,Champions
C01952,34,30,221573.0,2,2,1,221,At Risk
C01953,24,36,326004.36,2,4,3,243,Regular
C01954,7,39,316486.93,4,4,3,443,Loyal
C01955,19,29,240694.83,3,1,1,311,Regular
C01956,2,34,230443.50999999998,5,3,1,531,Loyal
C01957,22,40,283501.32,2,5,2,252,Regular
C01958,14,33,291381.12,3,2,2,322,Regular
C01959,8,33,162570.89,4,2,1,421,New
C01960,8,39,431790.93,4,4,5,445,Champions
C01961,14,35,305600.3,3,3,3,333,Loyal
C01962,14,30,189841.83,3,2,1,321,Regular
C01963,30,28,319436.24,2,1,3,213,At Risk
C01964,14,28,292771.44,3,1,3,313,Regular
C01965,11,42,426146.88,4,5,5,455,Champions
C01966,8,36,357020.42,4,4,4,444,Champions
C01967,7,39,297218.27,4,4,3,443,Loyal
C01968,83,33,318440.02,1,2,3,123,At Risk
C01969,40,29,245179.99000000002,1,1,2,112,At Risk
C01970,29,41,354961.0,2,5,4,254,Regular
C01971,24,25,257517.58,2,1,2,212,At Risk
C01972,35,38,328197.26,1,4,3,143,Regular
C01973,75,38,428150.82,1,4,5,145,Regular
C01974,17,35,289397.53,3,3,2,332,Loyal
C01975,16,29,316877.77,3,1,3,313,Regular
C01976,23,32,326165.65,2,2,3,223,At Risk
C01977,31,35,219604.63999999998,2,3,1,231,Regular
C01978,18,39,293769.78,3,4,3,343,Loyal
C01979,6,43,424331.21,4,5,5,455,Champions
C01980,16,38,283206.8,3,4,2,342,Loyal
C01981,44,26,160986.04,1,1,1,111,At Risk
C01982,53,45,482919.53,1,5,5,155,Regular
C01983,1,34,419952.55,5,3,5,535,Loyal
C01984,25,40,480027.16000000003,2,5,5,255,Regular
C01985,15,36,308717.73,3,4,3,343,Loyal
C01986,3,36,338375.08,5,4,4,544,Champions
C01987,31,28,244301.25,2,1,2,212,At Risk
C01988,61,37,296450.57,1,4,3,143,Regular
C01989,5,56,481035.56,5,5,5,555,Champions
C01990,13,35,269108.96,3,3,2,332,Loyal
C01991,42,34,225493.65,1,3,1,131,Regular
C01992,5,47,406355.93,5,5,5,555,Champions
C01993,88,28,227636.59,1,1,1,111,At Risk
C01994,7,40,304896.25,4,5,3,453,Loyal
C01995,10,37,412133.02999999997,4,4,5,445,Champions
C01996,11,29,239258.21000000002,4,1,1,411,New
C01997,40,35,247965.31,1,3,2,132,Regular
C01998,28,38,275077.29,2,4,2,242,Regular
C01999,40,36,288460.93,1,4,2,142,Regular
C02000,12,32,218772.57,3,2,1,321,Regular
